MesZL	SL/HA	aBZL	HethZL		Sign Name	Unicode	Unicode Name	comment	has unicode	worthington	
592	377n1		248		:(division sign)	U+12471 𒑱	PUNCTUATION SIGN VERTICAL COLON	Glossenkeil	TRUE	FALSE	
164	099b2				"4×EN" (KUoverḪAR.KUoverḪAR)	U+121AB 𒆫	KU OVER HI TIMES ASH2 KU OVER HI TIMES ASH2		TRUE	FALSE	
811	536				"KU" = DIŠ+ŠU	U+12375 𒍵	DISH PLUS SHU	"60"; ligatur, see MesZL n748	TRUE	FALSE	
208	123n				"nìq"			see MesZL n208	FALSE	FALSE	
829	575bv1				"UR×A"			see MesZL 829	FALSE	FALSE	
829	575bv2				"UR×MIN"			see MesZL 829	FALSE	FALSE	
293	165a				4×AN.NAGA forming a cross	U+12031 𒀱	AN PLUS NAGA SQUARED		TRUE	FALSE	
164	099b1				4×ENsquared	U+1209D 𒂝	EN SQUARED		TRUE	FALSE	
641	399xx				4×IM forming a cross	U+12152 𒅒	IM SQUARED		TRUE	FALSE	
805	530				4×LAGAB forming a cross	U+121EB 𒇫	LAGAB SQUARED		TRUE	FALSE	
514	330_60n2				4×LÚ forming a cross	U+12214 𒈔	LU2 SQUARED		TRUE	FALSE	
209	127	109	90		4×TAB forming a cross	U+122F2 𒋲	TAB SQUARED	see MesZL n503	TRUE	FALSE	
277	152_4v				4×UBARA forming a cross	U+120AD 𒂭	EZEN TIMES KASKAL SQUARED		TRUE	FALSE	
716	477				7×U	U+12412 𒐒	NUMERIC SIGN SEVEN U	"70"	TRUE	FALSE	
717	478				8×U	U+12413 𒐓	NUMERIC SIGN EIGHT U	"80"	TRUE	FALSE	
718	479				9×U	U+12414 𒐔	NUMERIC SIGN NINE U	"90"	TRUE	FALSE	
839	579	470	364; 365		A	U+12000 𒀀	A		TRUE	TRUE	
560	334	230	215		Á	U+12009 𒀉	A2		TRUE	FALSE	
839	579n				A.TU.GAB.LIŠ	U+12037 𒀷	ASAL2	forerunner ASALx, not ASAL2. Cf Krebernik OBO 160/1 283	TRUE	FALSE	
635	397		332		A'	U+1202A 𒀪	ALEPH	late variant of n636	TRUE	FALSE	
843	582				A×DU6	U+12006 𒀆	A TIMES LAGAR GUNU		TRUE	FALSE	
844	581				A×IGI	U+12005 𒀅	A TIMES IGI		TRUE	FALSE	
842	580a				A×MUŠ	U+12007 𒀇	A TIMES MUSH		TRUE	FALSE	
841	585				A×SAG	U+12008 𒀈	A TIMES SAG		TRUE	FALSE	
223	128	125	97		AB	U+1200A 𒀊	AB		TRUE	TRUE	
672	420	352	277		ÁB	U+12016 𒀖	AB2		TRUE	FALSE	
680	426a		284		ÁB×A	U+12371 𒍱	AB2 TIMES A	Hitt.	TRUE	FALSE	
231	200bn				AB×AŠ				FALSE	FALSE	
227	200an	127			AB×ÁŠ	U+1200B 𒀋	AB TIMES ASH2	reconstruction	TRUE	FALSE	
235	199				AB×GÍN	U+1200C 𒀌	AB TIMES DUN3 GUNU		TRUE	FALSE	
237	200d				AB×IMIN	U+12011 𒀑	AB TIMES IMIN		TRUE	FALSE	
225	198				AB×KÁR	U+1200E 𒀎	AB TIMES GAN2 TENU		TRUE	FALSE	
674	423	354			ÁB×KÁR	U+12018 𒀘	AB2 TIMES GAN2 TENU		TRUE	FALSE	
233	197				AB×KI				FALSE	FALSE	
673	420_8				ÁB×KÍD	U+1201B 𒀛	AB2 TIMES TAK4		TRUE	FALSE	
234	198a				AB×LAGAB	U+12012 𒀒	AB TIMES LAGAB		TRUE	FALSE	
224	128xv				AB×NUN				FALSE	FALSE	
226	200c				AB×ŠEŠ	U+12013 𒀓	AB TIMES SHESH		TRUE	FALSE	
229	196				AB×SIG7	U+12010 𒀐	AB TIMES IGI GUNU		TRUE	FALSE	
231	128xxxx				AB×U				FALSE	FALSE	
258	145	132	105		AD	U+1201C 𒀜	AD		TRUE	TRUE	
814	537_65c; 537x				ÀD (LU×BAD)	U+121FC 𒇼	LU TIMES BAD		TRUE	FALSE	
854	379_2	245			AD4 (ZA-tenû)	U+1235E 𒍞	ZA TENU		TRUE	FALSE	
127	97	52	81		AG	U+1201D 𒀝	AK		TRUE	TRUE	
326	183	136	121		ÁG (NÍNDA×NE)	U+12258 𒉘	NINDA2 TIMES NE		TRUE	TRUE	"ram"
128	097a				AG×ŠÍTA	U+1201F 𒀟	AK TIMES SHITA PLUS GISH		TRUE	TRUE	"ME"
840	580				AGAM (A×BAD)	U+12002 𒀂	A TIMES BAD		TRUE	FALSE	
727	452v1	237	291		AGRIG (IGI.DUB)	U+12146 𒅆 & U+1207E 𒁾	IGI & DUB		TRUE	FALSE	
636	398	280	332		AḪ (ḪI×NUN)	U+12134 𒄴	HI TIMES NUN		TRUE	FALSE	
637	398+166				AḪ.KASKAL	U+12134 𒄴 & U+1219C 𒆜	HI TIMES NUN & KASKAL		TRUE	FALSE	
638	398_64	282			AḪ.ME	U+12134 𒄴 & U+12228 𒈨	HI TIMES NUN & ME		TRUE	FALSE	
639	398_72				AḪ.ME.U	U+12134 𒄴 & U+12228 𒈨 & U+1230B 𒌋	HI TIMES NUN & ME & U		TRUE	FALSE	
159	092a	300			AKKIL (GAD.KÍD.SI)	U+120F0 𒃰 & U+122FA 𒋺 & U+122DB 𒋛	GAD & TAK4 & SI		TRUE	FALSE	
474	298	108	183		AL	U+12020 𒀠	AL		TRUE	TRUE	
478	301n				AL×AL	U+12021 𒀡	AL TIMES AL		TRUE	FALSE	
480	302				AL×GIM	U+12022 𒀢	AL TIMES DIM2		TRUE	FALSE	
477	301				AL×GIŠ	U+12023 𒀣	AL TIMES GISH		TRUE	FALSE	
482	305				AL×ḪA	U+12024 𒀤	AL TIMES HA		TRUE	FALSE	
475	299n				AL×KÀD	U+12025 𒀥	AL TIMES KAD3	see MesZL n475	TRUE	FALSE	
481	303				AL×KI	U+12026 𒀦	AL TIMES KI		TRUE	FALSE	
475	299				AL×KÍD			see MesZL n475	FALSE	FALSE	
479	304				AL×ŠE	U+12027 𒀧	AL TIMES SHE		TRUE	FALSE	
476	300				AL×UŠ	U+12028 𒀨	AL TIMES USH		TRUE	FALSE	
497	323		-40		ALAD (KAL×BAD)	U+12198 𒆘	KAL TIMES BAD		TRUE	FALSE	
573	358	199	226		ALAM (GU4overGU4.NA)	U+12029 𒀩	ALAN		TRUE	FALSE	
703	421	295	303		ALIM (GÌR× A.IGI)	U+1210B 𒄋	GIR3 TIMES A PLUS IGI		TRUE	FALSE	
703	421n2	295	303		ALIM (GÌR×IGI)	U+1210D 𒄍	GIR3 TIMES IGI	old	TRUE	FALSE	
309	170	119	168		AM (GU4×KUR)	U+12120 𒄠	GUD TIMES KUR		TRUE	FALSE	
310	170an		203		AM×A	U+1211F 𒄟	GUD TIMES A PLUS KUR	reconstruction	TRUE	FALSE	
392	237	94	57		AMA (GÁ×AN)	U+120BC 𒂼	GA2 TIMES AN		TRUE	FALSE	
695	437	367	155		AMAR (ZUR)	U+1202B 𒀫	AMAR		TRUE	FALSE	
697	438n		276		AMAR×KUG			Hitt.	FALSE	FALSE	
460	293	174			AMAŠ (DAG.KISIM5× LU.MÁŠ)	U+12066 𒁦	DAG KISIM5 TIMES LU PLUS MASH2		TRUE	FALSE	
10	13	9	8		AN	U+1202D 𒀭	AN		TRUE	TRUE	
293	165v				AN.NAGA.AN.NAGAinversum	U+12030 𒀰	AN PLUS NAGA OPPOSING AN PLUS NAGA		TRUE	FALSE	
353	208	292	302		ANŠE (GÌR×PA or GÌR×"TAB")	U+1210F 𒄏	GIR3 TIMES PA		TRUE	FALSE	
353	208	292	302		ANŠE (GÌR×PA or GÌR×"TAB")	U+12032 𒀲	ANSHE		TRUE	FALSE	
90	56	5	9		APIN (ENGAR)	U+12033 𒀳	APIN		TRUE	FALSE	
726	451	234	289		AR (IGI.RI)	U+12148 𒅈	IGI RI		TRUE	FALSE	
18	50	16	16		ARAD	U+12034 𒀴	ARAD		TRUE	TRUE	
19	51	17			ÁRAD (ARAD×KUR)	U+12035 𒀵	ARAD TIMES KUR	reconstruction	TRUE	FALSE	
432	271	104			ARḪUŠ (GÁ/É×MUNUS)	U+120E3 𒃣	GA2 TIMES SAL	standard: É×MUNUS	TRUE	FALSE	
432	271	104			ARḪUŠ (GÁ/É×MUNUS)	U+12091 𒂑	E2 TIMES SAL		TRUE	FALSE	
1	1	1	1		AŠ	U+12038 𒀸	ASH		TRUE	TRUE	
862	598b	477	372		ÀŠ	U+1240B 𒐋	NUMERIC SIGN SIX DISH	"6"	TRUE	FALSE	
548	339	211	241		ÁŠ (ZÍZ)	U+12369 𒍩	ZIZ2		TRUE	FALSE	
548	339	211	241		ÁŠ (ZÍZ)	U+1203E 𒀾	ASH2		TRUE	TRUE	
2	2		1		AŠ.AŠ	U+12400 𒐀	NUMERIC SIGN TWO ASH	"2"	TRUE	FALSE	
164	099b3				AŠ.KU.KUoverAŠ.KU.KU .KÚR	U+1203B 𒀻	ASH OVER ASH TUG2 OVER TUG2 TUG2 OVER TUG2 PAP		TRUE	FALSE	
11	14				AŠ+SUR	U+12038 𒀸 & U+122E9 𒋩	ASH & SUR	ligature	TRUE	FALSE	
217	125c				AŠ4 (TAB.TAB.TAB)	U+12404 𒐄	NUMERIC SIGN SIX ASH	"6"	TRUE	FALSE	
536	331a				AŠ9 (EŠ16.EŠ16)	U+12440 𒑀	NUMERIC SIGN SIX VARIANT FORM ASH9	"6"	TRUE	FALSE	
79	44	184			ASARI (URU×IGI)	U+12342 𒍂	URU TIMES IGI		TRUE	TRUE	
173	104_6	443	80		AŠGAB	U+1203F 𒀿	ASHGAB		TRUE	FALSE	
288	158	159			ÀSILAL (EZEN×A)	U+120A2 𒂢	EZEN TIMES A		TRUE	FALSE	
285	156	158			ASILAL (EZEN×LÁL)	U+120B0 𒂰	EZEN TIMES LAL TIMES LAL		TRUE	FALSE	
290	160				ASILAL4 (EZEN× A.LÁL)	U+120A4 𒂤	EZEN TIMES A PLUS LAL TIMES LAL		TRUE	FALSE	
297	131	180	92		AZ (PIRIG×ZA)	U+1228D 𒊍	PIRIG TIMES ZA		TRUE	FALSE	
324	181v		104		AZU (NÍNDA×NUN)	U+1236B 𒍫	ZU5		TRUE	FALSE	
324	181v		104		AZU (NÍNDA×NUN)	U+12259 𒉙	NINDA2 TIMES NUN		TRUE	FALSE	
324	181n				AZU×A	U+1236C 𒍬	ZU5 TIMES A	reconstruction; cf. O.B.O. 160/I 282	TRUE	FALSE	
14	5	303	205		BA	U+12040 𒁀	BA		TRUE	FALSE	
113	69	25	13		BAD	U+12041 𒁁	BAD		TRUE	TRUE	
272	152_8b				BÀD (UG5 (EZEN×AN))	U+120A1 𒂡	EZEN TIMES AN	old form of n275 EZEN×BAD	TRUE	TRUE	"sher"
275	152_8	153	114		BÀD (UG5 (EZEN×BAD))	U+120A6 𒂦	EZEN TIMES BAD	see also n272	TRUE	TRUE	BAD
5	9	3	4		BAL	U+12044 𒁄	BAL		TRUE	TRUE	
122	74	29	20		BÁN	U+1244F 𒑏	NUMERIC SIGN ONE BAN2		TRUE	FALSE	
549	339				BANEŠ ("ÁŠ")	U+12451 𒑑	NUMERIC SIGN THREE BAN2		TRUE	FALSE	
551	341				BANIA ("ÁŠ. UoverU/GE23overGE23")	U+12455 𒑕	NUMERIC SIGN FIVE BAN2 VARIANT FORM		TRUE	FALSE	
551	341v				BANIA ("ÁŠ. UoverU/GE23overGE23")	U+12454 𒑔	NUMERIC SIGN FIVE BAN2		TRUE	FALSE	
550	340				BANLIMMU ("ÁŠ.U/GE23")	U+12453 𒑓	NUMERIC SIGN FOUR BAN2 VARIANT FORM		TRUE	FALSE	
550	340v				BANLIMMU ("ÁŠ.U/GE23")	U+12452 𒑒	NUMERIC SIGN FOUR BAN2		TRUE	FALSE	
465	295	143			BANMIN ("PA")	U+12450 𒑐	NUMERIC SIGN TWO BAN2		TRUE	FALSE	
377	227				BÁNŠUR	U+12143 𒅃	IDIM OVER IDIM BUR		TRUE	FALSE	
75	41	182	-229		BANŠUR (URU×URUDU)	U+1234E 𒍎	URU TIMES URUDA		TRUE	FALSE	
121	74	57	20		BAR	U+12047 𒁇	BAR		TRUE	TRUE	
554	344	217	235		BÁRA	U+12048 𒁈	BARA2	cultic/political place. However, if the pattern is "ME fit for Official A", it would mean "ruler". ruler	TRUE	FALSE	
358	214	79	153		BI	U+12049 𒁉	BI		TRUE	FALSE	
361	214c				BI×GAR	U+1204B 𒁋	BI TIMES GAR	reconstruction	TRUE	FALSE	
360	214a				BI×SIG7	U+1204C 𒁌	BI TIMES IGI GUNU	reconstruction	TRUE	FALSE	
312	173	117	172		BÍL (GIBIL; NE×PAB, NE-šeššig)	U+1224B 𒉋	NE SHESHIG		TRUE	TRUE	
643	400	287	334		BIR (ḪI×ŠE)	U+12135 𒄵	HI TIMES SHE		TRUE	FALSE	
606	388				BIR6 (ŠÀ× U.A)	U+122B6 𒊶	SHA3 TIMES U PLUS A		TRUE	FALSE	
572	357				BÌŠEBA (GU4overGU4.LUGAL)	U+12121 𒄡	GUD OVER GUD LUGAL		TRUE	FALSE	
580	371	265	339		BU (GÍD)	U+1204D 𒁍	BU		TRUE	FALSE	
788	515	411			BUL (LAGAB×EŠ)	U+121E7 𒇧	LAGAB TIMES U PLUS U PLUS U		TRUE	FALSE	
169	96	18			BULUG	U+12051 𒁑	BULUG		TRUE	FALSE	
94	060+060	264	257		BÙLUG	U+1227D 𒉽 & U+1227D 𒉽	PAP & PAP		TRUE	FALSE	
54	30	322	144		BÚN (KA×IM)	U+1216E 𒅮	KA TIMES IM		TRUE	FALSE	
581	371n3				BUoverBUcrossed	U+12050 𒁐	BU CROSSING BU		TRUE	FALSE	
8	11	13			BÚR	U+12054 𒁔	BUR2		TRUE	FALSE	
559	349	223	245		BUR (NÍG-gunû)	U+12053 𒁓	BUR		TRUE	FALSE	
165	54	63	274		BURU14 (EN×KÁR/EN×GÁN)	U+12098 𒂘	EN TIMES GAN2		TRUE	FALSE	
135	79av	43	39(2)	.	BURU5 (NAM.ERIM) etc.	U+12246 𒉆 & U+1209F 𒂟 etc.	NAM & ERIN2	U+12245 𒉅 NAM NUTILLU: uncertain	TRUE	FALSE	
561	335	229	214		DA	U+12055 𒁕	DA		TRUE	TRUE	
386	229n				DÀG ("NA4")	U+1224C 𒉌 & U+1209F 𒂟	NI & ERIM		TRUE	FALSE	
438	280	168	243		DAG (PÀR)	U+12056 𒁖	DAG		TRUE	TRUE	"tak"
439	281				DAG.KISIM5			uncertain	FALSE	FALSE	
454	290n		283		DAG.KISIM5× Ú.MAŠ/BAR			Hitt.	FALSE	FALSE	
461	294b		190; 285		DAG.KISIM5×A.MAŠ	U+12057 𒁗	DAG KISIM5 TIMES A PLUS MASH		TRUE	FALSE	
458	288sub				DAG.KISIM5×AMAR	U+12058 𒁘	DAG KISIM5 TIMES AMAR		TRUE	FALSE	
447	288				DAG.KISIM5×BI	U+1205A 𒁚	DAG KISIM5 TIMES BI		TRUE	FALSE	
456	294c				DAG.KISIM5×DÉ or			uncertain	FALSE	FALSE	
457	292				DAG.KISIM5×DÚB/BALAG	U+12059 𒁙	DAG KISIM5 TIMES BALAG		TRUE	FALSE	
448	288a; 294f				DAG.KISIM5×GAG	U+12063 𒁣	DAG KISIM5 TIMES KAK		TRUE	FALSE	
444	284				DAG.KISIM5×GI	U+1205D 𒁝	DAG KISIM5 TIMES GI		TRUE	FALSE	
462	294d				DAG.KISIM5×ḪA	U+12060 𒁠	DAG KISIM5 TIMES HA		TRUE	FALSE	
443	283				DAG.KISIM5×KÍD	U+1206B 𒁫	DAG KISIM5 TIMES TAK4		TRUE	FALSE	
441	282				DAG.KISIM5×LA	U+12064 𒁤	DAG KISIM5 TIMES LA		TRUE	FALSE	
463	294a				DAG.KISIM5×LUM	U+12067 𒁧	DAG KISIM5 TIMES LUM		TRUE	FALSE	
442	282a				DAG.KISIM5×MUNU4	U+12069 𒁩	DAG KISIM5 TIMES PAP PLUS PAP		TRUE	FALSE	
456	294cn				DAG.KISIM5×MÚRU ?			uncertain	FALSE	FALSE	
446	286				DAG.KISIM5×NE	U+12068 𒁨	DAG KISIM5 TIMES NE		TRUE	FALSE	
445	285				DAG.KISIM5×SI	U+1206A 𒁪	DAG KISIM5 TIMES SI		TRUE	FALSE	
889	557	454	298		DAM	U+1206E 𒁮	DAM		TRUE	FALSE	
166	100; 063x	365	71		DÀR	U+12070 𒁰	DARA3		TRUE	FALSE	
183	113	37	83		DAR (GÙN; ḪU-gunû, SI-gunû)	U+1206F 𒁯	DAR		TRUE	FALSE	
183	114				DAR (GÙN; ḪU-gunû, SI-gunû)			variant of n183	FALSE	FALSE	
817	540	421			DARA4 (SÍG+AŠ)	U+12071 𒁱	DARA4		TRUE	FALSE	
547	338	215	102		DÉ (SIMUG)	U+12323 𒌣	UMUM	umum: value not accepted in MesZL. simug, umun2	TRUE	FALSE	
547	338n1				DÉ×KASKAL	U+12324 𒌤	UMUM TIMES KASKAL	abzux, de2	TRUE	FALSE	
547	338n2				DÉ×PA	U+12325 𒌥	UMUM TIMES PA	reconstruction	TRUE	FALSE	
736	457	431	312		DI	U+12072 𒁲	DI		TRUE	FALSE	
813	537	419	210?		DIB (DAB)	U+12073 𒁳	DIB		TRUE	FALSE	
191	117	310			DÌLIB (SAG×ŠID)	U+122A0 𒊠	SAG TIMES SHID		TRUE	FALSE	
167	94	14	14		DIM	U+12074 𒁴	DIM		TRUE	TRUE	tim tem ti
264	150	254	116		DÌM (RAB.GAM)	U+12290 𒊐 & U+120F5 𒃵	RAB & GAM		TRUE	FALSE	
168	095, 095v	15	18		DIM×ŠE, later DIM×KUR	U+12075 𒁵	DIM TIMES SHE		TRUE	TRUE	
265	150v3				DIM10 (RAB.KAM*)			to n264	FALSE	FALSE	
269	150v4				DIM11 (LUGAL.KAM*)			to n264	FALSE	FALSE	
263	150v1				DIM8 (RAB.GAN)	U+12290 𒊐 & U+120F6 𒃶	RAB & GAN		TRUE	FALSE	
267	150v2				DIM9 (LUGAL.GAN)	U+12217 𒈗 & U+120F6 𒃶	LUGAL & GAN	to n264	TRUE	FALSE	
202	122a	51			DIMGUL ("MÁ.MUG")	U+12223 𒈣 & U+1222E 𒈮	MA2 & MUG		TRUE	FALSE	
724	449_46	233	288		DIMSAR	U+12149 𒅉	IGI OVER IGI SHIR OVER SHIR UD OVER UD		TRUE	FALSE	
119	465	361	330		DIN	U+12077 𒁷	DIN		TRUE	FALSE	
119	465+166 +350+480				DIN.KASKAL.SIG7	U+12078 𒁸	CUNEIFORM SIGN DIN KASKAL U GUNU DISH		TRUE	FALSE	
207	123	164	89		DIR(SI.A)	U+122DB 𒋛 & U+12000 𒀀	SI & A		TRUE	FALSE	
748	480	390	356		DIŠ (1)	U+12079 𒁹	DISH	DIŠ "1", GEŠ2 "60"	TRUE	TRUE	
824	534				DIŠ.U	U+12079 𒁹 & U+1230B 𒌋	DISH & U	"600"	TRUE	FALSE	
847	585a				DIŠoverDIŠ			"4"; Neo-Assyrian: use U+12456 𒑖	FALSE	FALSE	
865	598en				DIŠoverDIŠoverDIŠ	U+12449 𒑉	NUMERIC SIGN NINE VARIANT FORM ILIMMU A	"9"	TRUE	FALSE	
350	206	064, 197	128		DU	U+1207A 𒁺	DU		TRUE	TRUE	
721	459a	311	211		DU6 (LAGAR-gunû)	U+121EF 𒇯	LAGAR GUNU		TRUE	FALSE	
721	459an2	335			DU6overDU6.ŠE	U+121F0 𒇰	LAGAR GUNU OVER LAGAR GUNU SHE		TRUE	FALSE	
242	138	112b	99		DUB	U+1207E 𒁾	DUB		TRUE	TRUE	"tup"
565	352	82			DÚB (BALAG)	U+12080 𒂀	DUB2		TRUE	FALSE	
565	352	195	225		DÚB (BALAG)	U+12046 𒁆	BALAG		TRUE	FALSE	
245	136; 316v1				DUB×LAGAB			U+1231E 𒌞 UM TIMES LAGAB to be deleted	FALSE	FALSE	
244	135				DUB×ŠÀ			U+12320 𒌠 UM TIMES SHA3 to be deleted	FALSE	FALSE	
243	138a				DUB×ŠE				FALSE	FALSE	
688	409n; 432_2	DÚBUR: 284			DÚBUR (ḪI×U)	U+12136 𒄶	HI TIMES U		TRUE	FALSE	
499	309	80	162		DUG (BI×A)	U+12081 𒂁	DUG		TRUE	FALSE	
499	309	80	162		DUG (BI×A)	U+1204A 𒁊	BI TIMES A		TRUE	FALSE	
704	445	349	268		DUGUD	U+12082 𒂂	DUGUD		TRUE	FALSE	
512	329	331			DÙL (SAG-gunû)	U+122A8 𒊨	SAG GUNU		TRUE	FALSE	
720	459	360	262		DUL (U.TÚG)	U+1230B 𒌋 & U+12306 𒌆	U & TUG2	DUL not really splittable	TRUE	FALSE	
557	348	220	88		DUN4 (UR-gunû-šeššig/MIR-šeššig)	U+12088 𒂈	DUN4		TRUE	FALSE	
178	108	88	202		DUR (GÚxGAG, GÚ.GAG)	U+12119 𒄙	GU2 TIMES KAK		TRUE	FALSE	
498	308	167	187		E	U+1208A 𒂊	E	E "barley", "leather", EKI, EG2 "levee", IG2, I15	TRUE	FALSE	
495	324	107	199		É	U+1208D 𒂍	E2		TRUE	TRUE	"bit", house
300	168	115	-168		EDIN	U+12094 𒂔	EDIN	also n499 báhar ("EDIN")	TRUE	FALSE	
845	583				EDURU (A×A)	U+12001 𒀁	A TIMES A		TRUE	FALSE	
897	554_84; 556_8	453			ÉGI (MUNUS.ŠÈ)	U+122A9 𒊩 & U+120A0 𒂠	SAL & ESH2		TRUE	FALSE	
356	209	76	126		EGIR	U+12095 𒂕	EGIR		TRUE	FALSE	
899	564	455	307		EL	U+12096 𒂖	EL		TRUE	TRUE	
61	32	326	147		EME (KA×ME)	U+12174 𒅴	KA TIMES ME		TRUE	FALSE	
314	174				ÉMEŠ (NE×UD)	U+1224A 𒉊	NE TIMES UD		TRUE	FALSE	
164	99	62	40		EN	U+12097 𒂗	EN		TRUE	TRUE	
870	546		-251		ÉN (ŠÚ.AN)	U+122D9 𒋙 & U+1202D 𒀭	SHU2 & AN		TRUE	FALSE	
165	054v				EN×KÁR (GÁN-tenû)	U+12099 𒂙	EN TIMES GAN2 TENU	reconstruction	TRUE	FALSE	
756	484	404	216		ENGUR (LAGAB×ḪAL)	U+121C9 𒇉	LAGAB TIMES HAL		TRUE	TRUE	actually two chars, A.LAGABxHAL in w, for "ID"
164	099c				ENME	U+1209A 𒂚	EN TIMES ME		TRUE	FALSE	
164	099a1				ENoverENcrossed	U+1209B 𒂛	EN CROSSING EN		TRUE	FALSE	
315	175				ENTEN (NE×A)	U+12249 𒉉	NE TIMES A		TRUE	FALSE	
498	308n				EoverE.NUNoverNUN	U+1208C 𒂌	E OVER E NUN OVER NUN		TRUE	FALSE	
818	541	398	62		EREN (SÍG.NUN)	U+1209E 𒂞	EREN		TRUE	FALSE	
83	49	191			ÈRIM (URU×NÍG)	U+1233F 𒌿	URU TIMES GAR		TRUE	FALSE	
612	393	247	327		ERIM (ZÁLAG)	U+1209F 𒂟	ERIN2		TRUE	FALSE	
711	472	366	331		EŠ (3×U)	U+1230D 𒌍	U U U	"30"	TRUE	FALSE	
505	325a				EŠ16 (AŠoverAŠoverAŠ)	U+1243A 𒐺	NUMERIC SIGN THREE VARIANT FORM ESH16	"3"	TRUE	FALSE	
505	325a				EŠ16 (AŠoverAŠoverAŠ)	U+1203C 𒀼	ASH OVER ASH OVER ASH		TRUE	FALSE	
210	124a				EŠ21 (TAB.AŠ)	U+1243B 𒐻	NUMERIC SIGN THREE VARIANT FORM ESH21	"3"	TRUE	FALSE	
629	325an				EŠ23	U+1244B 𒑋	NUMERIC SIGN THREE ASH TENU	"3", see MesZL n629, n505	TRUE	FALSE	
834	593	EŠ5:469	368		EŠ5(3)	U+12408 𒐈	NUMERIC SIGN THREE DISH	"3"	TRUE	TRUE	
4	002a	2			EŠ6 (AŠ.AŠ.AŠ)	U+12401 𒐁	NUMERIC SIGN THREE ASH	"3"	TRUE	FALSE	
418	261	100	59		ÉSAG (GÁ/É×ŠE)	U+120E5 𒃥	GA2 TIMES SHE	sub MesZL 495 only É.ŠE, esagx	TRUE	FALSE	
418	261	100	59		ÉSAG (GÁ/É×ŠE)	U+12092 𒂒	E2 TIMES SCHE(standard)	sub MesZL 495 only É.ŠE, esagx	TRUE	FALSE	
114	69	25	13		ÈŠE (AŠ+U)	U+12458 𒑘	NUMERIC SIGN ONE ESHE3		TRUE	FALSE	
359	214				EŠEMIN5 ("BI")	U+12459 𒑙	NUMERIC SIGN TWO ESHE3		TRUE	FALSE	
761	487	406			ÉSIR (LAGAB×NUMUN)	U+121D2 𒇒	LAGAB TIMES KUL		TRUE	FALSE	
96	308n2				ExPAB	U+1208B 𒂋	E TIMES PAP	reconstruction	TRUE	FALSE	
271	152	152a,b,c	106		EZEN	U+120A1 𒂡	EZEN		TRUE	TRUE	"sher"
271	152	152a,b,c	106		EZEN(KEŠDA)	U+1219F 𒆟	KESH2		TRUE	TRUE	"keshda"
287	162				EZEN×GÍN			U+120A7 𒂧 EZEN TIMES DUN3 GUNU pertinent?	FALSE	FALSE	
278	154				EZEN×GU4				FALSE	FALSE	
284	152_16	156			EZEN×KUG	U+120AE 𒂮	EZEN TIMES KU3		TRUE	FALSE	
274	152_9	154			EZEN×LA	U+120AF 𒂯	EZEN TIMES LA		TRUE	FALSE	
273	153				EZEN×LI	U+120B1 𒂱	EZEN TIMES LI		TRUE	FALSE	
286	157				EZEN×LU	U+120B2 𒂲	EZEN TIMES LU		TRUE	FALSE	
280	154a				EZEN×MIR			U+120A8 𒂨 EZEN TIMES DUN3 GUNU GUNU pertinent?	FALSE	FALSE	
282	152_9n		107		EZEN×ŠE			Hitt.	FALSE	FALSE	
276	153_1				EZEN×SI			uncertain	FALSE	FALSE	
281	155				EZEN×SIG7	U+120AB 𒂫	EZEN TIMES IGI GUNU		TRUE	FALSE	
279	154_1n				EZEN×Ú	U+120B3 𒂳	EZEN TIMES U2		TRUE	FALSE	
283	152_14				EZEN×UD	U+120B4 𒂴	EZEN TIMES UD		TRUE	FALSE	
291	161				EZENxḪA	U+120A9 𒂩	EZEN TIMES HA		TRUE	FALSE	
491	319	201	159		GA	U+120B5 𒂵	GA	KA3	TRUE	TRUE	
387	233	93	56		GÁ (MAL)	U+120B7 𒂷	GA2		TRUE	TRUE	"PISAN"
492	319n	202			GA-gunû	U+120B6 𒂶	GA GUNU	old sign	TRUE	FALSE	
428	273				GÁ/É× A.DA.ḪA	U+120B8 𒂸	GA2 TIMES A PLUS DA PLUS HA		TRUE	FALSE	
428	273				GÁ/É× A.DA.ḪA	U+120BE 𒂎	E2 TIMES A PLUS HA PLUS DA(sic!)		TRUE	FALSE	
429	274				GÁ× A.IGI	U+120BA 𒂺	GA2 TIMES A PLUS IGI	to be deleted	TRUE	FALSE	
393	238				GÁ× AN.GAG.A				FALSE	FALSE	
414	258				GÁ× ÁŠ.GAL	U+120BE 𒂾	GA2 TIMES ASH2 PLUS GAL		TRUE	FALSE	
415	259				GÁ× BUR.RA	U+120C2 𒃂	GA2 TIMES BUR PLUS RA		TRUE	FALSE	
433	272				GÁ× EL.LA	U+120C8 𒃈	GA2 TIMES EL PLUS LA		TRUE	FALSE	
391	236				GÁ× GÍR.SU	U+120D0 𒃐	GA2 TIMES GIR2 PLUS SU		TRUE	FALSE	
430	277				GÁ× ḪA.LU.ŠÈ	U+120D1 𒃑	GA2 TIMES HA PLUS LU PLUS ESH2		TRUE	FALSE	
390	235				GÁ× ḪAL.LA	U+120D3 𒃓	GA2 TIMES HAL PLUS LA		TRUE	FALSE	
406	250i				GÁ× IŠ.ḪU.AŠ	U+120D7 𒃗	GA2 TIMES ISH PLUS HU PLUS ASH		TRUE	FALSE	
409	252_1				GÁ× KID.LAL	U+120DB 𒃛	GA2 TIMES KID PLUS LAL		TRUE	FALSE	
426	269				GÁ× KUG.AN	U+120DC 𒃜	GA2 TIMES KU3 PLUS AN		TRUE	FALSE	
401	246				GÁ× MUN(DIM×ŠE, later DIM×KUR)	U+120C5 𒃅	GA2 TIMES DIM TIMES SHE		TRUE	FALSE	
419	261a				GÁ× ŠE.TUR	U+120E6 𒃦	GA2 TIMES SHE PLUS TUR		TRUE	FALSE	
423	264a				GÁ×ÁB			uncertain	FALSE	FALSE	
389	234				GÁ×AŠ	U+120BD 𒂽	GÁ×AŠ		TRUE	FALSE	
395	242				GÁ×BAD	U+120BF 𒂿	GA2 TIMES BAD		TRUE	FALSE	
400	239				GÁ×BURU14	U+120CA 𒃊	GA2 TIMES EN TIMES GAN2 TENU		TRUE	FALSE	
416	259n				GÁ×DA	U+120C3 𒃃	GA2 TIMES DA		TRUE	FALSE	
425	268				GÁ×DI	U+120C4 𒃄	GA2 TIMES DI		TRUE	FALSE	
403	250				GÁ×DUB	U+120C6 𒃆	GA2 TIMES DUB		TRUE	FALSE	
399	247				GÁ×EN	U+120C9 𒃉	GA2 TIMES EN		TRUE	FALSE	
407	251				GÁ×GAG	U+120D8 𒃘	GA2 TIMES KAK		TRUE	FALSE	
396	243				GÁ×GI	U+120CD 𒃍	GA2 TIMES GI		TRUE	FALSE	
412	256				GÁ×GI4	U+120CE 𒃎	GA2 TIMES GI4		TRUE	FALSE	
398	245				GÁ×KAB	U+120D5 𒃕	GA2 TIMES HUB2		TRUE	FALSE	
402	248	98			GÁ×KÁR	U+120CB 𒃋	GA2 TIMES GAN2 TENU		TRUE	FALSE	
405	250d				GÁ×KASKAL	U+120D9 𒃙	GA2 TIMES KASKAL		TRUE	FALSE	
394	241	69			GÁ×KÍD	U+120E9 𒃩	GA2 TIMES TAK4		TRUE	FALSE	
413	250b				GÁ×SAR	U+120E4 𒃤	GA2 TIMES SAR		TRUE	FALSE	
410	252_2				GÁ×ŠID	U+120E7 𒃧	GA2 TIMES SHID		TRUE	FALSE	
417	260				GÁ×SIG7	U+120D6 𒃖	GA2 TIMES IGI GUNU		TRUE	FALSE	
404	250c				GÁ×SUM	U+120E8 𒃨	GA2 TIMES SUM		TRUE	FALSE	
422	264				GÁ×U	U+120EA 𒃪	GA2 TIMES U		TRUE	FALSE	
420	262				GÁ×UD	U+120EB 𒃫	GA2 TIMES UD		TRUE	FALSE	
298	167	141	164		GAB	U+120EE 𒃮	GABA		TRUE	TRUE	
298	167	141	164		GAB	U+12083 𒂃	DUH		TRUE	FALSE	
299	167a				GAB.LIŠ			see 839	FALSE	FALSE	
157	90	299	173		GAD	U+120F0 𒃰	GAD		TRUE	FALSE	
158	92				GAD.KÍD	U+120F0 𒃰 & U+122FA 𒋺	GAD & TAK4		TRUE	FALSE	
379	230	260	75		GAG (KAK)	U+12195 𒆕	KAK		TRUE	FALSE	
667	415a	338			GÀKKUL (U.DIM)	U+1230B 𒌋 & U+12074 𒁴	U & DIM		TRUE	FALSE	
668	416, 416v	339			GAKKUL (U.DIM×ŠE), later U.DIM×KUR	U+1230B 𒌋 & U+12075 𒁵	U & DIM TIMES SHE		TRUE	FALSE	
553	343	213	242		GAL	U+120F2 𒃲	GAL		TRUE	TRUE	
	343+091				GAL.KINDA	U+120F3 𒃳	GAL GAD OVER GAD GAR OVER GAR		TRUE	FALSE	
338	190kv	210 and 133			GALAM (SUKUD)	U+120F4 𒃴	GALAM		TRUE	FALSE	
431	278	105	60		GALGA (GÁ/É×NÍG)	U+120CC 𒃌	GA2 TIMES GAR		TRUE	FALSE	
431	278	105	60		GALGA (GÁ/É×NÍG)	U+1208F 𒂏	E2 TIMES GAR		TRUE	FALSE	
576	362	359	247		GAM	U+12472 𒑲	PUNCTUATION SIGN DIAGONAL COLON		TRUE	FALSE	
576	362	359	247		GAM	U+120F5 𒃵	GAM		TRUE	FALSE	
97	060x	268			GÀM (PAB.NÁ)	U+1219B 𒆛	KAM4		TRUE	FALSE	
253	143	120	113		GAN	U+120F6 𒃶	GAN		TRUE	FALSE	
174	105	106	61		GÁN	U+120F7 𒃷	GAN2		TRUE	FALSE	
174	105n2				GÁNoverGÁN	U+120F9 𒃹	GAN2 OVER GAN2	to be deleted	TRUE	FALSE	
378	105n3	274	260		GÁNoverGÁNcrossed	U+120FA 𒃺	GAN2 CROSSING GAN2	old sign, LAK 278	TRUE	FALSE	
397	244v	96			GANUN (GÁ×NUN)	U+120E0 𒃠	GA2 TIMES NUN		TRUE	FALSE	
543	333	209	240		GÀR (QAR)	U+120FC 𒃼	GAR3		TRUE	TRUE	"qar"
790	513				GARIM (LAGAB×KUG)	U+121D1 𒇑	LAGAB TIMES KU3		TRUE	FALSE	
562	350		336		GAŠAN	U+120FD 𒃽	GASHAN		TRUE	FALSE	
421	263				GÁx ḪI.LI	U+120D4 𒃔	GA2 TIMES HI PLUS LI		TRUE	FALSE	
340	192	139	122		GAZ (KUM×ŠE)	U+12124 𒄤	GUM TIMES SHE		TRUE	FALSE	
647	361				GE22	U+1237B 𒍻	GE22		TRUE	FALSE	
575	360				GE23 (DIŠ-tenû)	U+12039 𒀹	ASH ZIDA TENU	cf. n647	TRUE	FALSE	
890	558	459	305		GÉME (MUNUS.KUR)	U+122A9 𒊩 & U+121B3 𒆳	SAL & KUR		TRUE	TRUE	
212	210	77	131		GEŠTIN (GIŠ.DIN)	U+120FE 𒃾	GESHTIN		TRUE	FALSE	
213	210a				GEŠTIN×KUR	U+120FF 𒃿	GESHTIN TIMES KUR		TRUE	FALSE	
141	85	40	30		GI	U+12100 𒄀	GI		TRUE	TRUE	
141	085n2(v)		31		GI×E	U+12101 𒄁	GI TIMES E	Hitt. esp. Hurr.	TRUE	FALSE	
507	326	214	234		GI4 (GI-gunû)	U+12104 𒄄	GI4		TRUE	TRUE	
875	548	427			GÍBIL (ŠÚ.ÁŠ)	U+122D9 𒋙 & U+1203E 𒀾	SHU2 & ASH2		TRUE	FALSE	
830	576	426	52		GIDIM	U+12107 𒄇	GIDIM	Unicode reference glyph wrong?	TRUE	FALSE	
125	074_335				GÍDIM (MAŠ.U)	U+12226 𒈦 & U+1230B 𒌋	MASH & U		TRUE	FALSE	
705	446	350	269		GIG (MI.NUNUZ)	U+1222A 𒈪 & U+1226D 𒉭	MI & NUNUZ	GIG not really splittable	TRUE	FALSE	
508	326v				GIGI (GI4overGI4)	U+12105 𒄅	GI4 OVER GI4		TRUE	FALSE	
508	326a				GIGI (GI4overGI4crossed)	U+12106 𒄆	GI4 CROSSING GI4		TRUE	FALSE	
760	486	405	224		GIGIR (LAGAB×BAD)	U+121C0 𒇀	LAGAB TIMES BAD		TRUE	FALSE	
105	67	250	258		GIL (GIoverGI parall. or crossing)	U+12103 𒄃	GI CROSSING GI		TRUE	FALSE	
686	440	67	165		GIM (DÍM)	U+12076 𒁶	DIM2		TRUE	FALSE	
556	347	219b, 219a	96		GÍN	U+12086 𒂆	DUN3 GUNU	Unicode names pertinent?	TRUE	FALSE	
836	595	TÙN:401a, GÍN:401b	223; 209.2		GÍN (TÙN)	U+12085 𒂅	DUN3		TRUE	FALSE	
687	404x_2				Gingira (KISIM5overKISIM5)	U+121A9 𒆩	KISIM5 OVER KISIM5		TRUE	FALSE	
6	10	8	6		GÍR	U+12108 𒄈	BAL		TRUE	FALSE	
701	444	291b	301		GÌR	U+1210A 𒄊	GIR3		TRUE	FALSE	
558	346	222	244A		GIR (ḪA-gunû)	U+1212B 𒄫	HA GUNU		TRUE	TRUE	"bish", "qir"
7	10	8	6		GÍR-gunû	U+12109 𒄉	GIR2 GUNU		TRUE	FALSE	
701	444n2				GÌR.GÌRinversum	U+1228E 𒊎	PIRIG OPPOSING PIRIG		TRUE	FALSE	
683	430	342	266		GIR4 (U.AD)	U+1230B 𒌋 & U+1201C 𒀜	U & AD		TRUE	FALSE	
675	423	293			GIRI16 (GÌR×KÁR)	U+1210C 𒄌	GIR3 TIMES GAN2 TENU		TRUE	FALSE	
469	296	160	178		GIŠ (GEŠ)	U+12111 𒄑	GISH		TRUE	TRUE	
470	296_1				GIŠ-tenû	U+12115 𒄕	GISH TENU		TRUE	FALSE	
471	296_2				GIŠ×BAD	U+12113 𒄓	GISH TIMES BAD		TRUE	FALSE	
376	226	81			GISAL (BI.GIŠ)	U+12110 𒄐	GISAL		TRUE	FALSE	
80	49x	189			GIŠGAL (URU×MIN)	U+12347 𒍇	URU TIMES MIN		TRUE	FALSE	
378	296n2	274	260		GIŠoverGIŠcrossed	U+12112 𒄒	GISH CROSSING GISH	old sign, LAK 276	TRUE	FALSE	
855	531; 588				GIŠTA'E (4×ZA ×KUR)	U+1235F 𒍟	ZA SQUARED TIMES KUR		TRUE	FALSE	
891	559	458	304		GU	U+12116 𒄖	GU		TRUE	FALSE	
176	106	89	201		GÚ (TIK)	U+12118 𒄘	GU2		TRUE	TRUE	
472	297	118	157		GU4	U+1211E 𒄞	GUD		TRUE	FALSE	
473	297a				GU4×KASKAL			reconstruction	FALSE	FALSE	
65	36	329	149		GU7 (KA×NÍG)	U+12165 𒅥	KA TIMES GAR		TRUE	FALSE	
555	345	216	220; 221		GÚG (LÙ; ŠÈ-gunû)	U+12216 𒈖	LU3		TRUE	FALSE	
858	591				GUG (ZA.GUL)	U+1235D 𒍝 & U+12122 𒄢	ZA & GUL		TRUE	FALSE	
682	429	343	271		GUL (SÚN)	U+12122 𒄢	GUL		TRUE	FALSE	
179	108x	89	201		GUN (GÚ.UN)	U+12118 𒄘 & U+12327 𒌧	GU2 & UN		TRUE	FALSE	
180	111	92	185		GUR	U+12125 𒄥	GUR		TRUE	FALSE	
819	542	396			GUR7 (SÍG.AḪ.ME.U)	U+12126 𒄦	GUR7		TRUE	FALSE	
88	58	283	315		GUR8 (TE-gunû)	U+122FD 𒋽	TE GUNU		TRUE	FALSE	
503	310	145	193		GURUN	U+12127 𒄧	GURUN		TRUE	FALSE	
856	589	475	367		ḪA (KU6)	U+12129 𒄩	HA		TRUE	TRUE	
3	2	7	2		ḪAL	U+1212C 𒄬	HAL		TRUE	FALSE	
644	401	281	333		ḪAR (ḪI×ÁŠ)	U+1212F 𒄯	HI TIMES ASH2		TRUE	FALSE	
270	146	218	219		ḪAŠḪUR (MA-gunû)	U+12222 𒈢	MA GUNU		TRUE	FALSE	
631	396	277	335		ḪI (DÙG)	U+1212D 𒄭	HI		TRUE	FALSE	
660	410				ḪI×KIN	U+12133 𒄳	HI TIMES KIN		TRUE	FALSE	
132	78	34	24		ḪU	U+12137 𒄷	HU		TRUE	TRUE	
149	88	445	49		ḪÚB	U+12138 𒄸	HUB2		TRUE	FALSE	
150	89	446	50		ḪUB (ḪÚB×UD)	U+1213D 𒄽	HUB2 TIMES UD		TRUE	FALSE	
877	550	425	254		ḪÚL	U+1213E 𒄾	HUL2		TRUE	FALSE	
733	456	240	290		ḪUL (IGI.UR)	U+12146 𒅆 & U+12328 𒌨	IGI & UR		TRUE	FALSE	
734	456a				ḪUL4 (IGI.UR-šeššig)	U+12146 𒅆 & U+1232A 𒌪	IGI & UR SHESHIG	reconstruction	TRUE	FALSE	
645	402	294			ḪUŠ (ḪI×GÌR)	U+1237D 𒍽	SIGN HUSH		TRUE	FALSE	
252	142	192	217		I	U+1213F 𒄿	I		TRUE	TRUE	
861	598a	476	371		IÁ (5)	U+1240A 𒐊	NUMERIC SIGN FIVE DISH	"5"	TRUE	FALSE	
260	142a	193	218		IA (I.A)	U+12140 𒅀	I A		TRUE	TRUE	
216	125b				IA7 (TAB.TAB.AŠ)	U+12403 𒐃	NUMERIC SIGN FIVE ASH	"5"	TRUE	FALSE	
513	329a				IA9 (EŠ16.TAB)	U+1203C 𒀼 & U+122F0 𒋰	CUNEIFORM SIGN ASH OVER ASH OVER ASH & TAB	sign form congruent with U+1213F 𒄿	TRUE	FALSE	
513	329a				IA9 (EŠ16.TAB)	U+1243A 𒐺 & U+122F0 𒋰	CUNEIFORM NUMERIC SIGN THREE VARIANT FORM ESH16 & TAB	sign form congruent with U+1213F 𒄿	TRUE	FALSE	
807	535	394	44		IB	U+12141 𒅁	IB		TRUE	TRUE	
124	074_238	030(IDIGNA) 087(DALLA)	253		IDIGNA (DALLA/MAŠ.GÚ.GÀR)	U+12226 𒈦 & U+12118 𒄘 & U+120FC 𒃼	MAŠ & GU2 & GAR3		TRUE	FALSE	
113	69	25	13		IDIM	U+12142 𒅂	IDIM		TRUE	FALSE	
136	80	61	67		IG (GÁL)	U+12145 𒅅	IG		TRUE	TRUE	
724	449	233	288		IGI (ŠI, LIM)	U+12146 𒅆	IGI		TRUE	FALSE	
348	205	78	117		IL (AL×ŠE)	U+1214B 𒅋	IL		TRUE	TRUE	
493	320	204	161		ÍL (GA.GÍN)	U+1214D 𒅍	IL2	GUR3, GURU3, DUPSIK	TRUE	TRUE	
349	205a				IL×KÁR	U+1214C 𒅌	IL TIMES GAN2 TENU	uncertain reconstruction	TRUE	FALSE	
868	598e	480	375		ILIMMU (9)	U+12446 𒑆	NUMERIC SIGN NINE VARIANT FORM ILIMMU	"9"	TRUE	FALSE	
539	331d				ÌLIMMU (EŠ16.EŠ16.EŠ16)	U+12447 𒑇	NUMERIC SIGN NINE VARIANT FORM ILIMMU3	"9"	TRUE	FALSE	
220	125f				ÍLIMMU (TAB.TAB.TAB.TAB.AŠ)	U+12407 𒐇	NUMERIC SIGN NINE ASH	"9"	TRUE	FALSE	
577	363				ILIMMU4 (3×GE23)	U+12473 𒑳	PUNCTUATION SIGN DIAGONAL TRICOLON		TRUE	FALSE	
577	363				ILIMMU4 (3×GE23)	U+12448 𒑈	NUMERIC SIGN VARIANT FORM ILIMMU4	"9"	TRUE	FALSE	
304	166b	273			ILLAT (KASKAL.KUR)	U+1219C 𒆜 & U+121B3 𒆳	KASKAL & KUR		TRUE	FALSE	
641	399	297	337		IM	U+1224E 𒉎	NI2		TRUE	TRUE	im, em, ISHKUR
641	399	297	337		IM	U+1214E 𒅎	IM		TRUE	FALSE	
642	399_51				IM×KÍD	U+1214F 𒅏	IM TIMES TAK4	IM.KÍD, IM×KÍD to n641	TRUE	FALSE	
866	598c	478	373		IMIN (7)	U+12442 𒑂	NUMERIC SIGN SEVEN VARIANT FORM IMIN A	"7"; see also n863	TRUE	FALSE	
863	598n1	478	373		IMIN (7)	U+1240C 𒐌	NUMERIC SIGN SEVEN DISH	"7"; see also n866	TRUE	FALSE	
863	598n1	478	373		IMIN (7)	U+12153 𒅓	IMIN		TRUE	FALSE	
537	331b				ÌMIN (EŠ16.EŠ16.AŠ)	U+12441 𒑁	NUMERIC SIGN SEVEN VARIANT FORM IMIN3	"7"	TRUE	FALSE	
218	125d				ÍMIN (TAB.TAB.TAB.AŠ)	U+12405 𒐅	NUMERIC SIGN SEVEN ASH	"7"	TRUE	FALSE	
146	087aa				IMMAL (NUN. LAGAR×BAR/MAŠ)	U+12265 𒉥	NUN LAGAR TIMES MASH		TRUE	FALSE	
641	399xn				IMoverIMcrossed	U+12150 𒅐	IM CROSSING IM		TRUE	FALSE	
261	148	386	354		IN	U+12154 𒅔	IN		TRUE	FALSE	
437	232	263	77		IR (GAG-gunû)	U+12155 𒅕	IR		TRUE	FALSE	
357	212	162	151		IŠ	U+12156 𒅖	ISH		TRUE	TRUE	
837	593v				IŠŠEBU (3,20)	U+12408 𒐈 & U+12399 𒎙	NUMERIC SIGN THREE DISH & U U	numeral "3,20" (10/3, 200)	TRUE	FALSE	
21	052xv				ÍTI (ITI×BAD)	U+1231B 𒌛	UD SHESHIG TIMES BAD		TRUE	FALSE	
303	166a				ÌTI (KASKAL.ITI)	U+1219C 𒆜 & U+1231A 𒌚	KASKAL & UD TIMES U PLUS U PLUS U		TRUE	FALSE	
20	52				ITI (UD-šeššig)	U+1231A 𒌚	UD SHESHIG		TRUE	FALSE	
20	52	334	84		ITI (UD×EŠ)	U+12317 𒌗	UD TIMES U PLUS U PLUS U		TRUE	FALSE	
424	265	101			ITIMA (GÁ/É×MI)	U+120DF 𒃟	GA2 TIMES MI(standard)	sub MesZL 495 only É.MI, itimax	TRUE	FALSE	
424	265	101			ITIMA (GÁ/É×MI)	U+12090 𒂐	E2 TIMES MI	sub MesZL 495 only É.MI, itimax	TRUE	FALSE	
597	382v				ÍTIMA (UD×MI)	U+12316 𒌖	UD TIMES MI		TRUE	FALSE	
24	15	312	133		KA	U+12157 𒅗	KA	DUG4, DUGA4, DU11	TRUE	FALSE	
222	133	175	167		KÁ	U+1218D 𒆍	KA2		TRUE	FALSE	
34	20				KA× AD.KUG	U+1215A 𒅚	KA TIMES AD PLUS KU3		TRUE	FALSE	
66	036a				KA× KADRA(NÍG.ŠÀ.A)	U+12166 𒅦	KA TIMES GAR PLUS SHA3 PLUS A		TRUE	FALSE	
61	032n2				KA× ME.DU	U+12175 𒅵	KA TIMES ME PLUS DU		TRUE	FALSE	
61	032n1				KA× ME.GI	U+12176 𒅶	KA TIMES ME PLUS GI		TRUE	FALSE	
61	032n3				KA× ME.TE	U+12177 𒅷	KA TIMES ME PLUS TE		TRUE	FALSE	
58	031xx				KA×"EŠ"			variant of n32 KA×SA	FALSE	FALSE	
46	025n				KA×ÁŠ	U+1215B 𒅛	KA TIMES ASH2		TRUE	FALSE	
67	036an		150		KA×ÀŠ			Hitt.	FALSE	FALSE	
47	025b	317			KA×DÚB/BALAG	U+1215D 𒅝	KA TIMES BALAG		TRUE	FALSE	
53	029x				KA×ERIM	U+12160 𒅠	KA TIMES ERIN2	variant of n129 AG×ERIM	TRUE	FALSE	
38	023n		140		KA×GAG	U+1216F 𒅯	KA TIMES KAK		TRUE	FALSE	
25	015x				KA×GÍR	U+12168 𒅨	KA TIMES GIR2	uncertain	TRUE	FALSE	
41	023n3		139		KA×GIŠ	U+12380 𒎀	KA TIMES GISH	Hitt.	TRUE	FALSE	
69	34				KA×GU	U+1216B 𒅫	KA TIMES GU		TRUE	FALSE	
63	033n				KA×GUR7	U+1216C 𒅬	KA TIMES GUR7		TRUE	FALSE	
55	030n				KA×ḪAR				FALSE	FALSE	
59	031n2				KA×IGI	U+1216D 𒅭	KA TIMES IGI	variant of n79 URU×IGI	TRUE	FALSE	
60	031x				KA×KI	U+12170 𒅰	KA TIMES KI		TRUE	FALSE	
37	23				KA×KIB	U+1216A 𒅪	KA TIMES GISH CROSSING GISH		TRUE	FALSE	
70	034n		142		KA×LUM				FALSE	FALSE	
30	017an		134		KA×MAŠ/BAR	U+1215E 𒅞	KA TIMES BAR		TRUE	FALSE	
57	31				KA×MI	U+12178 𒅸	KA TIMES MI		TRUE	FALSE	
35	022x	313			KA×NE	U+1217A 𒅺	KA TIMES NE		TRUE	FALSE	
40	023n2		138		KA×PA	U+12384 𒎄	KA TIMES PA	Hitt.	TRUE	FALSE	
52	028n				KA×PI	U+1217C 𒅼	KA TIMES PI		TRUE	FALSE	
28	016a				KA×RU	U+1217D 𒅽	KA TIMES RU		TRUE	FALSE	
48	025c				KA×ŠA	U+12180 𒆀	KA TIMES SHA		TRUE	FALSE	
45	21	324			KA×SAR	U+1217F 𒅿	KA TIMES SAR		TRUE	FALSE	
50	27	323	145		KA×ŠE	U+12181 𒆁	KA TIMES SHE		TRUE	FALSE	
62	33	327			KA×ŠÈ	U+12161 𒅡	KA TIMES ESH2		TRUE	FALSE	
42	24	319			KA×ŠID	U+12182 𒆂	KA TIMES SHID		TRUE	FALSE	
68	035n				KA×SIG	U+12184 𒆄	KA TIMES SIG		TRUE	FALSE	
27	15xx				KA×TU	U+12386 𒎆	KA TIMES TU	variant of n72 URU×TU	TRUE	FALSE	
56	031n1		141		KA×U	U+12187 𒆇	KA TIMES U	Hitt.	TRUE	FALSE	
43	024x				KA×Ú	U+12188 𒆈	KA TIMES U2		TRUE	FALSE	
51	28		143		KA×UD	U+12189 𒆉	KA TIMES UD		TRUE	FALSE	
36	022xn1		137		KA×ÚR	U+12387 𒎇	KA TIMES UR2	Hitt.	TRUE	FALSE	
39	022xn2				KA×UŠ	U+1218B 𒆋	KA TIMES USH		TRUE	FALSE	
148	88	226	49		KAB	U+1218F 𒆏	KAB		TRUE	FALSE	
108	063a				KÁD	U+12190 𒆐	KAD2		TRUE	FALSE	
109	063c		-227		KÀD	U+12191 𒆑	KAD3		TRUE	FALSE	
568	354b	227a	68		KAD4	U+12192 𒆒	KAD4		TRUE	FALSE	
569	354bv	227b			KAD5	U+12193 𒆓	KAD5		TRUE	FALSE	
496	322	176	196		KAL	U+12197 𒆗	KAL		TRUE	TRUE	
496	322	176	196		KAL	U+12128 𒄨	GURUSH		TRUE	FALSE	
500	312	169			KALAM	U+12326 𒌦		U+12326 𒌦, erroneously UN	TRUE	TRUE	see note
496	322n				KALoverKALcrossed	U+12199 𒆙	KAL CROSSING KAL		TRUE	FALSE	
254	143				KÁM				FALSE	FALSE	
640	406v1	279	355		KAM (ḪI.BAD)			n595 KAM (ḪI×BAD) U+12130 𒄰	FALSE	FALSE	
595	406v2				KAM (ḪI×BAD), variant form	U+1219A 𒆚	KAM2 (wrong!)	see MesZL n640	TRUE	FALSE	
195	119				KÀN (SAG×MI)	U+1229D 𒊝	SAG TIMES MI		TRUE	FALSE	
175	105	246			KÁR (GÁN-tenû and ŠÈ-tenû)	U+120F8 𒃸	GAN2 TENU		TRUE	FALSE	
590	376x	290	250		KAR (TE.A)	U+122FC 𒋼 & U+12000 𒀀	TE & A		TRUE	FALSE	
384	211b	71			KÀŠ (UŠ×A)	U+12352 𒍒	USH TIMES A		TRUE	FALSE	
352	202	66	129		KAŠ4 (DU-šeššig)	U+1207D 𒁽	DU SHESHIG		TRUE	FALSE	
302	166	271	259		KASKAL	U+1219C 𒆜	KASKAL		TRUE	FALSE	
306	166+398				KASKAL.AḪ	U+1219C 𒆜 & U+12134 𒄴	KASKAL & HI TIMES NUN		TRUE	FALSE	
305	166+371	271			KASKAL.BU	U+1219C 𒆜 & U+1204D 𒁍	KASKAL & BU		TRUE	FALSE	
307	166e				KASKAL.LAGAB	U+1219C 𒆜 & U+121B8 𒆸	KASKAL & LAGAB		TRUE	FALSE	
307	166ee				KASKAL.TÚLoverTÚL	U+1219D 𒆝	KASKAL LAGAB TIMES U OVER LAGAB TIMES U		TRUE	FALSE	
307	166een				KASKALoverKASKAL.TÚLoverTÚL	U+1219E 𒆞	KASKAL OVER KASKAL LAGAB TIMES U OVER LAGAB TIMES U		TRUE	FALSE	
44	25	318			KAxGA	U+12162 𒅢	KA TIMES GA		TRUE	FALSE	
871	546_6	423			KÈŠ (ÉN. ŠÁR×GAD)	U+122D9 𒋙 & U+1202D 𒀭 & U+12132 𒄲	SHU2 & AN & HI TIMES GAD		TRUE	FALSE	
737	461	432	313		KI	U+121A0 𒆠	KI		TRUE	FALSE	
738	462v	430			KI×BAD	U+121A1 𒆡	KI TIMES BAD	belongs to n740	TRUE	FALSE	
740	462	430			KI×U	U+121A2 𒆢	KI TIMES U		TRUE	FALSE	
739	463				KI×UD	U+121A3 𒆣	KI TIMES UD		TRUE	FALSE	
378	228	274	260		KIB				FALSE	FALSE	
484	313	163	194		KID (LÍL)	U+121A4 𒆤	KID		TRUE	TRUE	"lil"
106	063d	58	227		KÍD (TAG4)	U+122FA 𒋺	TAK4		TRUE	FALSE	
742	461_280; 464				KIMIN				FALSE	FALSE	
815	538	447	47		KIN	U+121A5 𒆥	KIN		TRUE	FALSE	
163	91	336			KINDA (GAD.NÍGoverGAD.NÍG)	U+120F1 𒃱	GAD OVER GAD GAR OVER GAR		TRUE	FALSE	
838	573				KINGUSILA	U+1245C 𒑜	NUMERIC SIGN FIVE SIXTHS DISH	"5/6"	TRUE	FALSE	
692	434a				KIR7 (NIM× NÍG.KÁR)	U+12251 𒉑	NIM TIMES GAR PLUS GAN2 TENU		TRUE	FALSE	
678	425	291a	273		KIŠ	U+121A7 𒆧	KISH		TRUE	FALSE	
435	249	161	228		KISAL	U+121A6 𒆦	KISAL		TRUE	FALSE	
743	466	440			KIŠI4	U+12294 𒊔	SAG NUTILLU		TRUE	FALSE	
440	281a; 294e; 432_1	172			KIŠI8 (DAG.KISIM5×GÍR(-gunû?))	U+1205E 𒁞	DAG KISIM5 TIMES GIR2		TRUE	FALSE	
453	290	170			KIŠI9 (DAG.KISIM5× Ú.GÍR(-gunû?))	U+1206C 𒁬	DAG KISIM5 TIMES U2 PLUS GIR2		TRUE	FALSE	
687	396n3				KISIM5	U+121A8 𒆨	KISIM5	in some ligatures interchangeable with ÁB	TRUE	FALSE	
687	396n		278		KISIM5 variant				FALSE	FALSE	
808	536	415	206		KU (DÚR, TUKUL, TUŠ)	U+121AA 𒆪	KU		TRUE	TRUE	
808	536	415	206		KU (DÚR, TUKUL, TUŠ)	U+12089 𒂉	DUR2		TRUE	FALSE	
87	58	375			KU4	U+121AD 𒆭	KU4		TRUE	FALSE	
171	110	70	184		KU7	U+121AF 𒆯	KU7		TRUE	FALSE	
745	468	428	69		KUG (KÙ)	U+121AC 𒆬	KU3		TRUE	FALSE	
339	191	138	120		KUM (GUM)	U+12123 𒄣	GUM		TRUE	TRUE	
131	77	32	35		KUN	U+121B2 𒆲	KUN		TRUE	FALSE	
123	074_182				KÚNGA (BAR.AN)	U+12047 𒁇 & U+1202D 𒀭	BAR & AN		TRUE	FALSE	
872	547	424			KUNGA (ŠÚ.MUL)	U+122D9 𒋙 & U+1202F 𒀯	SHU2 & AN THREE TIMES		TRUE	FALSE	
578	366	369	329		KUR	U+121B3 𒆳	KUR		TRUE	TRUE	
578	366_87				KUR.KURinversum	U+121B4 𒆴	KUR OPPOSING KUR		TRUE	FALSE	
730	454				KURUM7 (IGI.ERIM)	U+12146 𒅆 & U+1209F 𒂟	IGI & ERIN2	here belongs n735	TRUE	FALSE	
735	449_244				KURUM7 (IGI.NÍG)	U+12146 𒅆 & U+120FB 𒃻	IGI & GAR	reconstruction, belongs to n730	TRUE	FALSE	
896	562	457			KÚŠU	U+121B5 𒆵	KUSHU2		TRUE	FALSE	
710	448	347			KUŠU (U.GÌR/PIRIG)	U+1230B 𒌋 & U+1210A 𒄊 / U+1228A 𒊊	U & GIR3/PIRIG		TRUE	FALSE	
89	55	177	95		LA	U+121B7 𒆷	LA		TRUE	TRUE	
755	483	402	179		LAGAB	U+121B8 𒆸	LAGAB		TRUE	TRUE	
797	523x; 524				LAGAB× A.DA.ḪA	U+121BA 𒆺	LAGAB TIMES A PLUS DA PLUS HA		TRUE	FALSE	
798	525				LAGAB× A.LAL	U+121BC 𒆼	LAGAB TIMES A PLUS LAL		TRUE	FALSE	
799	526				LAGAB× A.NÍG/GAR	U+121BB 𒆻	LAGAB TIMES A PLUS GAR		TRUE	FALSE	
796	523				LAGAB× A.TAR			uncertain	FALSE	FALSE	
781	508				LAGAB× KAR.SU.NA	U+121E4 𒇤	LAGAB TIMES TE PLUS A PLUS SU PLUS NA		TRUE	FALSE	
792	517				LAGAB× ME.EN	U+121D9 𒇙	LAGAB TIMES ME PLUS EN		TRUE	FALSE	
762	488				LAGAB× NUMUN.ḪI.A	U+121D3 𒇓	LAGAB TIMES KUL PLUS HI PLUS A		TRUE	FALSE	
779	492				LAGAB× ŠE.SUM	U+121DC 𒇜	LAGAB TIMES SHE PLUS SUM		TRUE	FALSE	
771	497n				LAGAB× ŠÍTA.ERIM	U+121DD 𒇝	LAGAB TIMES SHITA PLUS GISH PLUS ERIN2		TRUE	FALSE	
803	521				LAGAB× ŠÚ.ŠÚ	U+121E0 𒇠	LAGAB TIMES SHU2 PLUS SHU2		TRUE	FALSE	
787	512	412			LAGAB× U.A	U+121E6 𒇦	LAGAB TIMES U PLUS A		TRUE	FALSE	
774	499v				LAGAB× Ú.AŠ	U+121E8 𒇨	LAGAB TIMES U2 PLUS ASH		TRUE	FALSE	
784	509				LAGAB×AḪ	U+121CA 𒇊	LAGAB TIMES HI TIMES NUN		TRUE	FALSE	
773	498				LAGAB×AL	U+121BD 𒆽	LAGAB TIMES AL		TRUE	FALSE	
758	484a				LAGAB×AN	U+121BE 𒆾	LAGAB TIMES AN		TRUE	FALSE	
769	496				LAGAB×BI	U+121C1 𒇁	LAGAB TIMES BI		TRUE	FALSE	
765	489				LAGAB×DAR	U+121C2 𒇂	LAGAB TIMES DAR		TRUE	FALSE	
764	488b				LAGAB×EN	U+121C3 𒇃	LAGAB TIMES EN		TRUE	FALSE	
775	499n				LAGAB×GA	U+121C4 𒇄	LAGAB TIMES GA		TRUE	FALSE	
778	504				LAGAB×GE23	U+121BF 𒆿	LAGAB TIMES ASH ZIDA TENU	uncertain	TRUE	FALSE	
763	488a				LAGAB×GI	U+12388 𒎈	LAGAB TIMES GI		TRUE	FALSE	
772	493	407			LAGAB×GU4	U+121C6 𒇆	LAGAB TIMES GUD		TRUE	FALSE	
800	527				LAGAB×ḪA	U+121C8 𒇈	LAGAB TIMES HA		TRUE	FALSE	
785	510				LAGAB×IM	U+121CC 𒇌	LAGAB TIMES IM		TRUE	FALSE	
789	514				LAGAB×KI	U+121CF 𒇏	LAGAB TIMES KI		TRUE	FALSE	
759	485				LAGAB×KÍD	U+121E3 𒇣	LAGAB TIMES TAK4		TRUE	FALSE	
794	519				LAGAB×KIN	U+121D0 𒇐	LAGAB TIMES KIN		TRUE	FALSE	
782	503				LAGAB×LIŠ	U+121D5 𒇕	LAGAB TIMES LISH		TRUE	FALSE	
793	518				LAGAB×LU	U+121D6 𒇖	LAGAB TIMES LU		TRUE	TRUE	
777	502				LAGAB×LUL	U+121D7 𒇗	LAGAB TIMES LUL		TRUE	FALSE	
791	516				LAGAB×ME	U+121D8 𒇘	LAGAB TIMES ME		TRUE	FALSE	
780	507				LAGAB×MUŠ	U+121DA 𒇚	LAGAB TIMES MUSH		TRUE	FALSE	
801	528	408	55		LAGAB×NÍG	U+121C5 𒇅	LAGAB TIMES GAR		TRUE	FALSE	
771	497				LAGAB×ŠÍTA	U+121DE 𒇞	LAGAB TIMES SHITA PLUS GISH TENU	TENU pertinent? cf. Gong p154 and 220	TRUE	FALSE	
802	520				LAGAB×ŠÚ	U+121DF 𒇟	LAGAB TIMES SHU2		TRUE	FALSE	
783	505				LAGAB×UD	U+121E9 𒇩	LAGAB TIMES UD		TRUE	FALSE	
770	495a				LAGAB×UŠ	U+121EA 𒇪	LAGAB TIMES USH		TRUE	FALSE	
719	458	308	186		LAGAR	U+121EC 𒇬	LAGAR		TRUE	FALSE	
723	460n				LAGAR× ŠE.SUM	U+121EE 𒇮	LAGAR TIMES SHE PLUS SUM		TRUE	FALSE	
350	206a				LAḪ4 (DUoverDU)	U+1207B 𒁻	DU OVER DU		TRUE	FALSE	
616	394b	372			LAḪTAN (NUNUZ.ÁB/KISIM5×LA)	U+12274 𒉴	NUNUZ AB2 TIMES LA		TRUE	FALSE	
617	394bx				LÁḪTAN (NUNUZ.ÁB/KISIM5×SÌLA)	U+12276 𒉶	NUNUZ AB2 TIMES SILA3		TRUE	FALSE	
752	482, 585b				LÁL			Neo-Assyrian: use U+121F3 𒇳; here belongs also n849	FALSE	FALSE	
750	481	391	358		LAL (LÁ)	U+121F2 𒇲	LAL		TRUE	TRUE	
751	482		362		LÁL (LAL×LAL)	U+121F3 𒇳	LAL TIMES LAL		TRUE	FALSE	
170	109	124	170		LÀL (TA×ḪI)	U+122ED 𒋭	TA TIMES HI		TRUE	FALSE	
849	585b				LÁL variant	U+12456 𒑖 & U+1227D 𒉽	NIGIDAMIN & PAP	belongs to n752	TRUE	FALSE	
693	435	244	306		LAM	U+121F4 𒇴	LAM		TRUE	FALSE	
694	436				LAM×KUR	U+121F5 𒇵	LAM TIMES KUR		TRUE	FALSE	
85	59	381	343		LI	U+121F7 𒇷	LI		TRUE	FALSE	
732	455	239a	265		LIBIR (IGI.ŠÈ)	U+12146 𒅆 & U+120A0 𒂠	IGI & ESH2		TRUE	FALSE	
677	424	353			LIBIŠ (ÁB×ŠÀ)	U+1201A 𒀚	AB2 TIMES SHA3		TRUE	FALSE	
544	336	91	127		LIL	U+121F8 𒇸	LIL	see also MesZL p62 n87c	TRUE	FALSE	
879	553				LÌL (ŠÚ.EŠ)	U+122D9 𒋙 & U+1230D 𒌍	SHU2 & U U U		TRUE	FALSE	
874	552				LIL5 (ŠÚ.NE)	U+122D9 𒋙 & U+12248 𒉈	SHU2 & NE		TRUE	FALSE	
676	422				LILIZ (ÁB×BALAG)	U+12017 𒀗	AB2 TIMES BALAG		TRUE	FALSE	
860	597	472	370		LIMMU ("NÍG", 4)	U+1243C 𒐼	NUMERIC SIGN FOUR VARIANT FORM LIMMU	"4"; variants: U+1243E 𒐾, U+1243F 𒐿	TRUE	FALSE	
215	124_42	110			LÍMMU (TAB.TAB)	U+12402 𒐂	NUMERIC SIGN FOUR ASH	"4"	TRUE	FALSE	
215	124_42	110			LÍMMU (TAB.TAB)	U+121F9 𒇹	LIMMU2		TRUE	FALSE	
506	325b				LIMMU4	U+1243D 𒐽	NUMERIC SIGN FOUR VARIANT FORM LIMMU4	"4"	TRUE	FALSE	
852	586	474			LIMMU5 ("ZA")	U+1235D 𒍝	ZA		TRUE	FALSE	
852	586	474			LIMMU5 ("ZA")	U+12409 𒐉	NUMERIC SIGN FOUR DISH	"4"	TRUE	TRUE	
591	377	232	286		LIŠ	U+121FA 𒇺	LISH		TRUE	FALSE	
514	330	253	78		LÚ	U+121FD 𒇽	LU2		TRUE	TRUE	
812	537	416	210		LU (UDU)	U+121FB 𒇻	LU		TRUE	TRUE	
516, 534	330_8n				LÚ-šeššig ("LÚ.GAM")	U+12215 𒈕	LU2 SHESHIG		TRUE	FALSE	
518	330_9n				LÚ-šeššig×BAD ("LÚ×BAD .GAM")			reconstruction	FALSE	FALSE	
515	330_0				LÚ-tenû	U+12211 𒈑	LU2 TENU		TRUE	FALSE	
514	330_60	255			LÚ.LÚinversum	U+12213 𒈓	LU2 OPPOSING LU2		TRUE	FALSE	
521	330_7	258			LÚ× KÁR(GÁN-tenû)	U+12202 𒈂	LU2 TIMES GAN2 TENU		TRUE	FALSE	
527'	330_7bn				LÚ× ME.EN	U+1220B 𒈋	LU2 TIMES ME PLUS EN		TRUE	FALSE	
532	330_7d				LÚ× ŠÈ.LAL				FALSE	FALSE	
533	330_7dn				LÚ× SÍG.BU	U+1220F 𒈏	LU2 TIMES SIK2 PLUS BU		TRUE	FALSE	
523	330_7an1				LÚ×AL	U+121FE 𒇾	LU2 TIMES AL		TRUE	FALSE	
517	330_6	256			LÚ×BAD	U+121FF 𒇿	LU2 TIMES BAD		TRUE	FALSE	
526	330_7an2				LÚ×IM	U+12204 𒈄	LU2 TIMES IM		TRUE	FALSE	
519	330_0n				LÚ×KÁD	U+12205 𒈅	LU2 TIMES KAD2		TRUE	FALSE	
520	330_4n				LÚ×KÀD ?	U+12206 𒈆	LU2 TIMES KAD3		TRUE	FALSE	
525	330_7an3v				LÚ×KAM*	U+12203 𒈃	LU2 TIMES HI TIMES BAD	see MesZL n514	TRUE	FALSE	
527	330_7an4				LÚ×KI	U+12208 𒈈	LU2 TIMES KI		TRUE	FALSE	
520	330_4				LÚ×KÍD or				FALSE	FALSE	
529	330_7c				LÚ×KU or similar				FALSE	FALSE	
528	330_7b				LÚ×LAGAB	U+1220A 𒈊	LU2 TIMES LAGAB		TRUE	FALSE	
522	330_7a	257			LÚ×NE	U+1220C 𒈌	LU2 TIMES NE		TRUE	FALSE	
530	330_7c	259			LÚ×ŠÈ	U+12200 𒈀	LU2 TIMES ESH2	see MesZL 514, 175	TRUE	FALSE	
531	330_7cn				LÚ×ŠÈ-tenû	U+12201 𒈁	LU2 TIMES ESH2 TENU		TRUE	FALSE	
524	330_7cv				LÚ×ŠU				FALSE	FALSE	
530	330_7c				LÚ×TÚG	U+12210 𒈐	LU2 TIMES TUG2		TRUE	FALSE	
266	151	221a	115		LUGAL	U+12217 𒈗	LUGAL		TRUE	TRUE	
268	151v				LUGAL.LUGALinversum	U+12219 𒈙	LUGAL OPPOSING LUGAL	to n266	TRUE	FALSE	
266	151vn				LUGALoverLUGAL	U+12218 𒈘	LUGAL OVER LUGAL		TRUE	FALSE	
904	566b				LÙGUD (LUMoverLUM.NÍGoverNÍG)	U+1221F 𒈟	LUM OVER LUM GAR OVER GAR		TRUE	FALSE	w has different sign?
494	321	196	198		LUḪ	U+1221B 𒈛	LUH		TRUE	FALSE	
570	355	296	19; 351		LUL (NAR)	U+1221C 𒈜	LUL		TRUE	TRUE	
702	421a				LULIM (GÌR× LU.IGI)	U+1210E 𒄎	GIR3 TIMES LU PLUS IGI	reconstruction	TRUE	FALSE	
900	565	248	310		LUM	U+1221D 𒈝	LUM		TRUE	TRUE	
902	565a; 566a				LUMoverLUM	U+1221E 𒈞	LUM OVER LUM		TRUE	FALSE	
903	566				LUMoverLUM.ŠÚ	U+1221E 𒈞 & U+122D9 𒋙	LUM OVER LUM & SHU2		TRUE	FALSE	
514	330_60v				LÚoverLÚcrossed	U+12212 𒈒	LU2 CROSSING LU2		TRUE	FALSE	
715	476				LX (6×U)	U+12411 𒐑	NUMERIC SIGN SIX U	"60"	TRUE	FALSE	
552	342	166	208		MA	U+12220 𒈠	MA		TRUE	FALSE	
201	122	50	87		MÁ	U+12223 𒈣	MA2		TRUE	TRUE	
91	57	6	10		MAḪ	U+12224 𒈤	MAH		TRUE	TRUE	
708	471	363	296		MAN (2×U)	U+12399 𒎙	U U	"20"	TRUE	FALSE	
483	307	144	191		MAR	U+12225 𒈥	MAR		TRUE	TRUE	
120	74	29	20		MAŠ	U+12226 𒈦	MASH		TRUE	TRUE	
130	76	31	38		MÁŠ	U+12227 𒈧	MASH2		TRUE	TRUE	
126	074+471				MAŠ.MAN	U+12226 𒈦 & U+12399 𒎙	MASH & U U		TRUE	FALSE	
713	474				MAŠGI/BARGI (4×U)	U+12310 𒌐	U OVER U U REVERSED OVER U REVERSED		TRUE	FALSE	
753	532	392	357		ME	U+12228 𒈨	ME	"100". Can mean priest in some cases.	TRUE	TRUE	
129	98	53	82		MÈ (AG×ERIM)	U+1201E 𒀞	AK TIMES ERIN2		TRUE	TRUE	EZEN
214	125v				MÉGIDDA (TAB.KUN)	U+122F0 𒋰 & U+121B2 𒆲	TAB & KUN		TRUE	FALSE	
211	125n				MEGIDDA (TAB.TI)	U+122F0 𒋰 & U+122FE 𒋾	TAB & TI		TRUE	FALSE	
427	270	102			MEN (GÁ× ME.EN)	U+120DE 𒃞	GA2 TIMES ME PLUS EN		TRUE	FALSE	
169	096a	18			MÉNBULUG (BULUGoverBULUG)	U+12051 𒁑	BULUG OVER BULUG		TRUE	FALSE	
754	533, 533v1		360		MEŠ	U+1238C 𒎌	MESH	"90", plural sign	TRUE	TRUE	
486	314	112a	112		MES (RID)	U+12229 𒈩	MES		TRUE	TRUE	rid?
488	315				MES/UM×ME	U+12398 𒎘	UM TIMES ME		TRUE	FALSE	
679	426				MEZE (ÁB× ME.EN)	U+12019 𒀙	AB2 TIMES ME PLUS EN		TRUE	FALSE	
681	427	348	267		MI	U+1222A 𒈪	MI		TRUE	FALSE	
825	570	465	361		MIN (2)	U+1222B 𒈫	MIN	"2"	TRUE	TRUE	
556	347	219b, 219a	96		MIR (NIMGIR)	U+12087 𒂇	DUN3 GUNU GUNU	Unicode names pertinent?	TRUE	TRUE	"mir", "AGA"
98	61	20	17		MU	U+1222C 𒈬	MU		TRUE	TRUE	
137	81	35	26		MUD	U+12137 𒄷 & U+1212D 𒄭	HU & HI		TRUE	FALSE	
621	394d				MÙD (NUNUZ.ÁB/KISIM5×BI)	U+12278 𒉸	NUNUZ KISIM5 TIMES BI		TRUE	FALSE	
621	394d				MÙD (NUNUZ.ÁB/KISIM5×BI)	U+1226F 𒉯	NUNUZ AB2 TIMES BI		TRUE	FALSE	
12	3	12	22		MUG	U+1222E 𒈮	MUG		TRUE	TRUE	
247	129a	10	101		MUL (ANoverAN .AN)	U+1202F 𒀯	AN THREE TIMES		TRUE	FALSE	
820	543				MUNŠUB (MUNSUB; SÍG.SUḪUR)	U+12230 𒈰	MUNSUB		TRUE	FALSE	
823	543v2				MÚNŠUB (SÍG.LAM.SUḪUR)	U+122C1 𒋁 & U+122E6 𒋦	SHESH2 & SUHUR		TRUE	FALSE	
883	554	450	297		MUNUS (SAL)	U+122A9 𒊩	SAL		TRUE	TRUE	
895	554n				MUNUS.LAGAR	U+122A9 𒊩 & U+121EC 𒇬	SAL & LAGAR		TRUE	FALSE	
888	556				MUNUS+MA			mim-ma ligature	FALSE	FALSE	
901	565	242	311		MÚRGU ("LUM")	U+12231 𒈱	MURGU2		TRUE	FALSE	
906	567	243	311		MURGU ("SIG4")	U+122DE 𒋞	SIG4		TRUE	FALSE	
545	337	207a/207b	110		MÚRU (MURUB4, NISAG; ITI-gunû)	U+12318 𒌘	UD TIMES U PLUS U PLUS U GUNU		TRUE	FALSE	
585	374	267	342		MUŠ	U+12232 𒈲	MUSH		TRUE	FALSE	
153	103v	44	41		MÙŠ (INANNA)	U+12239 𒈹	MUSH3		TRUE	TRUE	
152	102	45			MÚŠ (MÙŠ-gunû)	U+1223D 𒈽	MUSH3 GUNU		TRUE	FALSE	
156	103cv				MÙŠ×ZA				FALSE	FALSE	
154	103a	46	27		MÙŠxA	U+1223A 𒈺	MUSH3 TIMES A		TRUE	FALSE	
110	70	24	15		NA	U+1223E 𒈾	NA		TRUE	TRUE	
689	431	364	314		NÁ	U+1223F 𒈿	NA2		TRUE	FALSE	
385	229n	262	73		NA4 (NI.UD)	U+1224C 𒉌 & U+12313 𒌓	NI & UD		TRUE	FALSE	
385	229n	262	73		NA4 (NI.UD)	U+1224C 𒉌 & U+1209F 𒂟	NI & ERIM		TRUE	FALSE	
246	129		100		NAB (ANoverAN)	U+1202E 𒀮	AN OVER AN		TRUE	FALSE	
64	35	328	148		NAG (KA×A)	U+12158 𒅘	KA TIMES A		TRUE	FALSE	
293	165	377	352; (345)		NAGA	U+12240 𒉀	NAGA		TRUE	FALSE	
293	165+165n1				NAGA. NAGAinversum	U+12243 𒉃	NAGA OPPOSING NAGA		TRUE	FALSE	
294	165b				NAGA×ŠU-tenû	U+12242 𒉂	NAGA TIMES SHU TENU		TRUE	FALSE	
293	165n1				NAGAinversum	U+12241 𒉁	NAGA INVERTED		TRUE	FALSE	
893	560	449	308		NAGAR	U+12244 𒉄	NAGAR		TRUE	FALSE	
134	79	42	39		NAM	U+12246 𒉆	NAM		TRUE	TRUE	
313	172	116	169		NE	U+12248 𒉈	NE		TRUE	TRUE	
806	515_9				NENNI (BUL+BUL, BUL.BUL)	BUL.BUL: U+121E7 𒇧 & U+121E7 𒇧	LAGAB TIMES U PLUS U PLUS U & LAGAB TIMES U PLUS U PLUS U		TRUE	FALSE	
380	231	261	72		NI	U+1224C 𒉌	NI	BE3, DIG, I3, IA3, LE2, LI2, LID2, NE2, ŠUŠ2, ZAL, ZAR2	TRUE	FALSE	
436	249				NI+GIŠ			ligature ì+giš	FALSE	FALSE	
380	231n2(v)		76		NI×E	U+1224D 𒉍	NI TIMES E	Hitt. esp. Hurr.	TRUE	FALSE	
295	131a		94		NIB (PIRIG×KAL)	U+1228B 𒊋	PIRIG TIMES KAL		TRUE	FALSE	
859	597	473	369		NÍG (GAR, NINDA)	U+120FB 𒃻	GAR		TRUE	TRUE	"sha", "NINDA"
898	563	461			NIG (MUNUS.UR)	U+122A9 𒊩 & U+12328 𒌨	SAL & UR		TRUE	FALSE	
749	480		356		NIGIDA (DIŠ)			use U+12079 𒁹 DISH	FALSE	FALSE	
850	585c				NIGIDAEŠ (DIŠoverDIŠ.DIŠ)	U+12457 𒑗	NUMERIC SIGN NIGIDAESH		TRUE	FALSE	
853	586				NIGIDALIMMU ("ZA")	U+1235D 𒍝	ZA		TRUE	FALSE	
853	586				NIGIDALIMMU ("ZA")	U+12409 𒐉	NUMERIC SIGN FOUR DISH	"4"	TRUE	FALSE	
848	585a				NIGIDAMIN (DIŠoverDIŠ)	U+12456 𒑖	NUMERIC SIGN NIGIDAMIN	"4"	TRUE	FALSE	
804	529	403			NIGIN (LAGAB+LAGAB, LAGAB.LAGAB)	U+121B8 𒆸 & U+121B8 𒆸	LAGAB & LAGAB		TRUE	FALSE	
804	529v2				NIGIN (LAGAB×LAGAB)	U+121D4 𒇔	LAGAB TIMES LAGAB		TRUE	FALSE	
707	447a				NÌGIN (U.UD.KID)	U+1230B 𒌋 & U+12313 𒌓 & U+121A4 𒆤	U & UD & KID		TRUE	FALSE	
706	447				NIGIN4 (U.UD)	U+1230B 𒌋 & U+12313 𒌓	U & UD		TRUE	FALSE	
690	433	355	74		NIM	U+1224F 𒉏	NIM		TRUE	FALSE	
712	473	374	335		NIMIN (4×U)	U+1240F 𒐏	NUMERIC SIGN FOUR U	"40"	TRUE	FALSE	
887	556	452	299		NIN, old MUNUS.TÚG	U+122A9 𒊩 & U+12306 𒌆	SAL & TUG2		TRUE	TRUE	
886	556	451	299		NIN9, old MUNUS.KU	U+122A9 𒊩 & U+121AA 𒆪	SAL & KU	NeoAssyrian: SAL & MA(U+12220 𒈠)	TRUE	TRUE	"dam"
236	200v	131			NINA (AB×ḪA)	U+1200F 𒀏	AB TIMES HA		TRUE	FALSE	
316	176	135	119		NÍNDA	U+12252 𒉒	NINDA2		TRUE	FALSE	
318	177n				NÍNDA× AŠ.AŠ	U+12255 𒉕	NINDA2 TIMES ASH PLUS ASH		TRUE	FALSE	
337	190an4				NÍNDA× ME.KÁR	U+12257 𒉗	NINDA2 TIMES ME PLUS GAN2 TENU	reconstruction	TRUE	FALSE	
337	190a				NÍNDA× ME.KÍD				FALSE	FALSE	
333	187v1				NÍNDA× ŠE.A .AN	U+1225B 𒉛	NINDA2 TIMES SHE PLUS A AN		TRUE	FALSE	
333	187	137	123		NÍNDA× ŠE.A.AN	important code point missing			TRUE	FALSE	
331	186a				NÍNDA× ŠE.AŠ	U+1225C 𒉜	NINDA2 TIMES SHE PLUS ASH		TRUE	FALSE	
332	186b				NÍNDA× ŠE.AŠ.AŠ	U+1225D 𒉝	NINDA2 TIMES SHE PLUS ASH PLUS ASH		TRUE	FALSE	
330	185				NÍNDA× Ú.AŠ	U+1225E 𒉞	NINDA2 TIMES U2 PLUS ASH		TRUE	FALSE	
317	177				NÍNDA×AŠ	U+12254 𒉔	NINDA2 TIMES ASH		TRUE	FALSE	
319	178				NÍNDA×BAL	U+12391 𒎑	NINDA2 TIMES BAL		TRUE	FALSE	
321	179				NÍNDA×BÁN				FALSE	FALSE	
325	182n				NÍNDA×DUB?				FALSE	FALSE	
322	180				NÍNDA×GI	U+12392 𒎒	NINDA2 TIMES GI		TRUE	FALSE	
327	184				NÍNDA×GU4	U+12256 𒉖	NINDA2 TIMES GUD		TRUE	FALSE	
335	189				NÍNDA×MAN				FALSE	FALSE	
333	187v5				NÍNDA×ŠE	U+1225A 𒉚	NINDA2 TIMES SHE		TRUE	FALSE	
328	186				NÍNDA×ŠID?				FALSE	FALSE	
334	188				NÍNDA×U				FALSE	FALSE	
329	184a				NÍNDA×Ú			uncertain	FALSE	FALSE	
587	375_45				NINNI5 (TIRoverTIR)	U+12303 𒌃	TIR OVER TIR		TRUE	FALSE	
714	475	376			NINNU (5×U)	U+12410 𒐐	NUMERIC SIGN FIVE U	"50"	TRUE	FALSE	
502	325	148	204		NIR (NUNoverNUN)	U+1226A 𒉪	NUN OVER NUN		TRUE	FALSE	
112	75	19	11		NU	U+12261 𒉡	NU		TRUE	TRUE	
594	378an				Number 1/4(Kültepe)	U+12462 𒑢	OLD ASSYRIAN ONE QUARTER	"1/4"	TRUE	FALSE	
630	395an				Number 1/6(Kültepe)	U+12461 𒑡	NUMERIC SIGN OLD ASSYRIAN ONE SIXTH	"1/6"	TRUE	FALSE	
117	72	26	12		NUMUN	U+121B0 𒆰	KUL		TRUE	FALSE	
102	066c	149			NÚMUN (ZIoverZI.LAGAB)	U+12364 𒍤 & U+121B8 𒆸	ZI OVER ZI & LAGAB		TRUE	FALSE	
117	072a				NUMUN-gunû	U+121B1 𒆱	KUL GUNU		TRUE	FALSE	
143	87	47	36		NUN	U+12263 𒉣	NUN		TRUE	TRUE	
144	87	241			NUN-tenû	U+12269 𒉩	NUN TENU		TRUE	FALSE	
107	063d				NUNcrossingNUN	U+1226B 𒉫	NUN CROSSING NUN		TRUE	FALSE	
145	063_27n				NUNcrossingNUN. LAGARoverLAGAR	U+1226C 𒉬	NUN CROSSING NUN LAGAR OVER LAGAR	to n147 also	TRUE	FALSE	
31	018v	315	135		NUNDUM (KA×NUN)	U+1217B 𒅻	KA TIMES NUN		TRUE	FALSE	
614	394	371	328		NUNUZ	U+1226D 𒉭	NUNUZ		TRUE	FALSE	
615	394+420				NUNUZ.ÁB				FALSE	FALSE	
626	394cxv				NUNUZ.ÁB/KISIM5× BÙLUG.GÚG				FALSE	FALSE	
626	394cx				NUNUZ.ÁB/KISIM5× GÚG.BÙLUG				FALSE	FALSE	
624	394dx				NUNUZ.ÁB/KISIM5× Ú.BA			U+12277 𒉷 read NUNUZ AB2 TIMES U2 PLUS BA, not ... TIMES U2	FALSE	FALSE	
622	394d+411				NUNUZ.ÁB/KISIM5×BI .U (MÙD.U)	U+12279 𒉹	NUNUZ KISIM5 TIMES BI U		TRUE	FALSE	
625	394dn				NUNUZ.ÁB/KISIM5×DUG	U+12270 𒉰	NUNUZ AB2 TIMES DUG		TRUE	FALSE	
623	394dn2				NUNUZ.ÁB/KISIM5×GU4	U+12271 𒉱	NUNUZ AB2 TIMES GUD		TRUE	FALSE	
618	394bxn				NUNUZ.ÁB/KISIM5×KÀD	U+12273 𒉳	NUNUZ AB2 TIMES KAD3		TRUE	FALSE	
620	394cxxx				NUNUZ.ÁB/KISIM5×NE	U+12275 𒉵	NUNUZ AB2 TIMES NE		TRUE	FALSE	
627	394en				NUNUZ.ÁB/KISIM5×SIG7	U+12272 𒉲	NUNUZ AB2 TIMES IGI GUNU		TRUE	FALSE	
615	394a				NUNUZ.KISIM5				FALSE	FALSE	
467	295l				NUSKA (PA.TÚG)	U+1227A 𒉺 & U+12306 𒌆	PA & TUG2		TRUE	FALSE	
464	295	143	174		PA	U+1227A 𒉺	PA		TRUE	TRUE	
92	60	249	256(1)		PAB or PAP	U+1227D 𒉽	PAP		TRUE	FALSE	
96	060+308				PAB.E (PA5)	U+1227D 𒉽 & U+1208A 𒂊	PAP & E		TRUE	FALSE	
95	060+212				PAB.IŠ (PA6)	U+1227D 𒉽 & U+12156 𒅖	PAP & ISH		TRUE	FALSE	
725	450	235	292		PÀD (IGI.RU)	U+12146 𒅆 & U+12292 𒊒	IGI & RU		TRUE	FALSE	
746	469	362	295		PAD (ŠUK)	U+1227B 𒉻	PAD		TRUE	FALSE	
685	439	27	118		PAN	U+1227C 𒉼	PAN		TRUE	FALSE	
882	596	418	3		PÉŠ	[U+1227E 𒉾]	PESH2	variant: n741. code point only for one sign form!	TRUE	FALSE	
741	461x	418	3		PÉŠ	U+1227E 𒉾	PESH2	see MesZL n882	TRUE	FALSE	
608	390	436			PEŠ4 (ŠÀ×A)	U+122AF 𒊯	SHA3 TIMES A		TRUE	FALSE	
598	383	370	317		PI	U+1227F 𒉿	PI		TRUE	FALSE	
598	383n10(v)		326		PI×A	U+12280 𒊀	PI TIMES A	Hitt. esp. Hurr.	TRUE	FALSE	
598	383n2(v)		318		PI×AB	U+12281 𒊁	PI TIMES AB	Hitt. esp. Hurr.	TRUE	FALSE	
598	383n4(v)		320		PI×BI	U+12282 𒊂	PI TIMES BI	Hitt. esp. Hurr.	TRUE	FALSE	
598	383n7(v)		324		PI×BU	U+12283 𒊃	PI TIMES BU	Hitt. esp. Hurr.	TRUE	FALSE	
598	383n5(v)		322		PI×E	U+12284 𒊄	PI TIMES E	Hitt. esp. Hurr.	TRUE	FALSE	
598	383n3(v)		319		PI×I	U+12285 𒊅	PI TIMES I	Hitt. esp. Hurr.	TRUE	FALSE	
598	383n9(v)		325		PI×IB	U+12286 𒊆	PI TIMES IB	Hitt. esp. Hurr.	TRUE	FALSE	
598	383n8(v)		323		PI×U	U+12287 𒊇	PI TIMES U	Hitt. esp. Hurr.	TRUE	FALSE	
598	383n6(v)		321		PI×Ú	U+12289 𒊈	PI TIMES U2	Hitt. esp. Hurr.	TRUE	FALSE	
598	383a				PIoverPIcrossed/TALTAL	U+12289 𒊉	PI CROSSING PI		TRUE	FALSE	
613	393		327		PÍR	use U+1209F 𒂟 ERIN2			TRUE	FALSE	
701	444	178			PIRIG	U+1228A 𒊊	PIRIG		TRUE	FALSE	
33	19	321			PÙ (KA×KÁR)	U+12164 𒅤	KA TIMES GAN2 TENU		TRUE	FALSE	
93	060+002		256(2)		PÚŠ (PAB.ḪAL)	U+1227D 𒉽 & U+1212C 𒄬	PAP & HAL		TRUE	FALSE	
511	328	192	233		RA	U+1228F 𒊏	RA		TRUE	TRUE	
262	149	221b			RAB	U+12290 𒊐	RAB	in old texts = n266 LUGAL	TRUE	FALSE	
142	86	39	32		RI	U+12291 𒊑	RI		TRUE	TRUE	
586	374_81	276			RI8 (MUŠoverMUŠ parallel or crossed)	U+12236 𒈶	MUSH OVER MUSH		TRUE	FALSE	
586	374_81	276			RI8 (MUŠoverMUŠ parallel or crossed)	U+12238 𒈸	MUSH CROSSING MUSH		TRUE	FALSE	
586	374_81n1				RI8 (MUŠoverMUŠ× A.NA)	U+12237 𒈷	MUSH OVER MUSH TIMES A PLUS NA		TRUE	FALSE	
111	68	60	43		RU	U+12292 𒊒	RU		TRUE	TRUE	
172	104	147	200		SA	U+12293 𒊓	SA		TRUE	TRUE	
566	353	203	158		ŠA	U+122AD 𒊭	SHA		TRUE	TRUE	
599	384	433	294		ŠÀ (ŠAG4)	U+122AE 𒊮	SHA3		TRUE	FALSE	
600	384n				ŠÀ×BAD	U+122B0 𒊰	SHA3 TIMES BAD		TRUE	FALSE	
603	385n				ŠÀ×GIŠ	U+122B1 𒊱	SHA3 TIMES GISH		TRUE	FALSE	
607	387				ŠÀ×MI				FALSE	FALSE	
602	385	434			ŠÀ×NE	U+122B2 𒊲	SHA3 TIMES NE		TRUE	FALSE	
609	389				ŠÀ×ŠÚ	U+122B3 𒊳	SHA3 TIMES SHU2		TRUE	FALSE	
601	384a	435			ŠÀ×TUR	U+122B4 𒊴	SHA3 TIMES TUR		TRUE	FALSE	
605	386n				ŠÀ×U	U+122B5 𒊵	SHA3 TIMES U		TRUE	FALSE	
604	386				ŠÀ×UD				FALSE	FALSE	
138	82	36			SA4 (ḪU.NÁ)	U+12137 𒄷 & U+1223F 𒈿	HU & NA2		TRUE	FALSE	
571	356	228	70		SA6	U+122B7 𒊷	SHA6 (bad!)		TRUE	FALSE	
466	295k		175		ŠAB (PA.IB)	U+1227A 𒉺 & U+12141 𒅁	PA & IB		TRUE	TRUE	
184	115	309	192		SAG	U+12295 𒊕	SAG		TRUE	FALSE	
197	121n				SAG×A	U+12296 𒊖	SAG TIMES A		TRUE	FALSE	
187	121_6				SAG×DU	U+12297 𒊗	SAG TIMES DU		TRUE	FALSE	
188	116	330			SAG×GAG	U+1229A 𒊚	SAG TIMES KAK		TRUE	FALSE	
198	121_1				SAG×ḪA	U+12299 𒊙	SAG TIMES HA		TRUE	FALSE	
200	120n				SAG×LUM	U+1229C 𒊜	SAG TIMES LUM		TRUE	FALSE	
199	120				SAG×MUNUS	U+1229F 𒊟	SAG TIMES SAL		TRUE	FALSE	
189	121_5				SAG×NI			uncertain	FALSE	FALSE	
185	115n				SAG×NUN	U+1229E 𒊞	SAG TIMES NUN		TRUE	FALSE	
194	121_10				SAG×SIG7				FALSE	FALSE	
192	121_8				SAG×Ú	U+122A2 𒊢	SAG TIMES U2		TRUE	FALSE	
193	121_7				SAG×UB	U+122A3 𒊣	SAG TIMES UB		TRUE	FALSE	
186	118				SAG×UM	U+122A4 𒊤	SAG TIMES UM		TRUE	FALSE	
196	121				SAG×UR	U+122A5 𒊥	SAG TIMES UR		TRUE	FALSE	
190	116n				SAG×UŠ	U+122A6 𒊦	SAG TIMES USH		TRUE	FALSE	
546	337xx	207a			SAG5	U+12260 𒉠	NISAG (read NISAG2)	merged with ŠID; see MesZL n485	TRUE	FALSE	
485	337xx				SAG5	U+12260 𒉠	NISAG	old sign, = n546	TRUE	FALSE	
684	428	345	270		ŠAGAN (U.GAN/ŠU4.GAN)	U+1230B 𒌋 & U+120F6 𒃶	U & GAN		TRUE	FALSE	
184	115n2	309	192		SAGoverSAG	U+122A7 𒊧	SAG OVER SAG		TRUE	FALSE	
671	419	357			SAGŠU (U.SAG)	U+1230B 𒌋 & U+12295 𒊕	U & SAG		TRUE	FALSE	
23	53		309		ŠAḪ	Neo-Assyrian: use U+122DA 𒋚 (ŠUBUR)			TRUE	FALSE	
76	42	183			ŠÀKIR (URU×GA)	U+1233C 𒌼	URU TIMES GA		TRUE	FALSE	
320	178aa		103		ŠÀM (NÍNDA×AN)	U+12253 𒉓	NINDA2 TIMES AN		TRUE	FALSE	
832	572	441			ŠANABI (2/3)	U+1245B 𒑛	NUMERIC SIGN TWO THIRDS DISH	"2/3"	TRUE	FALSE	
541	331e, 152iv	385	353		SAR	U+122AC 𒊬	SAR		TRUE	FALSE	
632	396	277	335		ŠAR	U+122B9 𒊹	SHAR2		TRUE	FALSE	
651	408				ŠÁR× GAL.DIŠ	U+12432 𒐲	NUMERIC SIGN SHAR2 TIMES GAL PLUS DISH	"216.000"	TRUE	FALSE	
652	408v				ŠÁR× GAL.MIN	U+12433 𒐳	NUMERIC SIGN SHAR2 TIMES GAL PLUS MIN	"432.000"	TRUE	FALSE	
659	409e				ŠÁR×DIŠ, also ḪI×DIŠ?	U+12131 𒄱	HI TIMES DISH	"216.000"	TRUE	FALSE	
656	409b	286			ŠÁR×EŠ	U+1242F 𒐯	NUMERIC SIGN THREE SHARU VARIANT FORM	"108.000"	TRUE	FALSE	
656	409b	286			ŠÁR×EŠ	U+1242E 𒐮	NUMERIC SIGN THREE SHARU	"108.000"	TRUE	FALSE	
650	407				ŠÁR×GAD	U+12132 𒄲	HI TIMES GAD		TRUE	FALSE	
655	409a	285			ŠÁR×MAN	U+1242D 𒐭	NUMERIC SIGN TWO SHARU	"72.000"	TRUE	FALSE	
657	409c				ŠÁR×NIMIN	U+12430 𒐰	NUMERIC SIGN FOUR SHARU (variant form)	"144.000"	TRUE	FALSE	
658	409d				ŠÁR×NINNU	U+12431 𒐱	NUMERIC SIGN FIVE SHARU (variant form)	"180.000"	TRUE	FALSE	
653	409	284			ŠÁR×U	U+1242C 𒐬	NUMERIC SIGN ONE SHARU	"36.000", DÚBUR (ḪI×U) see n688	TRUE	FALSE	
654	409v2				ŠÁR×U-gunû			variant form of n653, "36.000"	FALSE	FALSE	
776	500; 501	409			ŠÁRA (LAGAB×SIG7)	U+121CB 𒇋	LAGAB TIMES IGI GUNU		TRUE	FALSE	
579	367	378	338		ŠE	U+122BA 𒊺	SHE		TRUE	FALSE	
810	536	420	212		ŠÈ (ÉŠ, GI7, ZÌ)	U+12365 𒍥	ZI3		TRUE	FALSE	
810	536	420	212		ŠÈ (ÉŠ, GI7, ZÌ)	U+120A0 𒂠	ESH2		TRUE	TRUE	GI7 
155	103b				SED (MÙŠ× A.DI)	U+1223B 𒈻	MUSH3 TIMES A PLUS DI		TRUE	FALSE	
873	551				ŠEG8 (ŠÚ.NAGA)	U+122D9 𒋙 & U+12240 𒉀	SHU2 & NAGA		TRUE	FALSE	
878	551v	429			ŠEG9 (ŠÚ.ŠE.KU.GAG)	U+122BE 𒊾	SHEG9		TRUE	FALSE	
17	8	306	230		ŠEN (SU×A)	U+122BF 𒊿	SHEN		TRUE	FALSE	
588	369				ŠEoverŠE.GADoverGAD.NÍGoverNÍG	U+122BC 𒊼	SHE OVER SHE GAD OVER GAD GAR OVER GAR		TRUE	FALSE	
588	370	389			ŠEoverŠE.TABoverTAB.NÍGoverNÍG	U+122BD 𒊽	SHE OVER SHE TAB OVER TAB GAR OVER GAR		TRUE	FALSE	
821	544		63		ŠÉŠ (SÍG.LAM)	U+122C1 𒋁	SHESH2		TRUE	FALSE	
535	331	021a	79		ŠEŠ (ÙRI)	U+12336 𒌶	URI3		TRUE	FALSE	
535	331	021b	79		ŠEŠ (ÙRI)	U+122C0 𒋀	SHESH		TRUE	FALSE	
100	65				ŠEŠLAM	U+122C2 𒋂	SHESHLAM		TRUE	FALSE	
181	112	164	86		SI	U+122DB 𒋛	SI	Verb meaning "to fill", which has more active force than the intransitive verb TUŠ (to sit, dwell), having a highly ideological meaning.	TRUE	TRUE	
666	413	341			ŠIBIR (U.BURU14)	U+1230B 𒌋 & U+12098 𒂘	U & EN TIMES GAN2		TRUE	FALSE	
485	314	212; 207a	231		ŠID (LAG)	U+122C3 𒋃	SHID		TRUE	FALSE	
487	317a				ŠID×IM	U+122C5 𒋅	SHID TIMES IM		TRUE	FALSE	
881	592	437	255		SIG	U+122DD 𒋝	SIG		TRUE	FALSE	
816	539	395	65		SÍG / SÍK	U+122E0 𒋠	SIK2		TRUE	TRUE	
822	544+389 +532+411				SÍG.LAM.AḪ.ME.U			to be deleted?	FALSE	FALSE	
905	567	243	311		SIG4	U+122DE 𒋞	SIG4		TRUE	FALSE	
907	568				SIG4overSIG4.ŠÚ	U+122DF 𒋟	SIG4 OVER SIG4 SHU2		TRUE	FALSE	
729	454	238	293		SIG5 (IGI.ERIM)	U+12146 𒅆 & U+1209F 𒂟	IGI & ERIN2		TRUE	FALSE	
564	351	198	239		SIG7 (IGI-gunû)	U+1214A 𒅊	IGI GUNU	"10,000"	TRUE	FALSE	
161	092c				SIG8 (GAD.KÍD.GIŠ)	U+120F0 𒃰 & U+122FA 𒋺 & U+12111 𒄑	GAD & TAK4 & GISH		TRUE	FALSE	
289	159				SIL7 (EZEN× A.LAL)	U+120A3 𒂣	EZEN TIMES A PLUS LAL		TRUE	FALSE	
99	62	269	21		SÌLA	U+122E1 𒋡	SILA3		TRUE	FALSE	
408	252	97	54		SILA4 (GÁ×PA)	U+120E2 𒃢	GA2 TIMES PA		TRUE	FALSE	
408	257				SILA4 also: GÁ×ÁŠ			transliteration only gazi	FALSE	FALSE	
147	087b; 460x	49			ŠILAM (NUN. LAGAR×MUNUS)	U+12266 𒉦	NUN LAGAR TIMES SAL		TRUE	FALSE	
147	087c				ŠILAMoverŠILAM	U+12267 𒉧	NUN LAGAR TIMES SAL OVER NUN LAGAR TIMES SAL		TRUE	FALSE	
362	215	83	154		ŠIM	U+122C6 𒋆	SHIM		TRUE	FALSE	
372	224				ŠIM×A (DUMGAL)	U+122C7 𒋇	SHIM TIMES A		TRUE	FALSE	
363	217				ŠIM×BAL	U+122C8 𒋈	SHIM TIMES BAL		TRUE	FALSE	
367	218				ŠIM×BULUG	U+122C9 𒋉	SHIM TIMES BULUG		TRUE	FALSE	
364	217n				ŠIM×BÚR			uncertain	FALSE	FALSE	
366	221				ŠIM×DIN	U+122CA 𒋊	SHIM TIMES DIN		TRUE	FALSE	
371	220				ŠIM×IGI	U+122CC 𒋌	SHIM TIMES IGI		TRUE	FALSE	
375	223				ŠIM×KÚŠU	U+122CE 𒋎	SHIM TIMES KUSHU2		TRUE	FALSE	
369	219				ŠIM×LUL	U+122CF 𒋏	SHIM TIMES LUL		TRUE	FALSE	
365	216				ŠIM×MUG	U+122D0 𒋐	SHIM TIMES MUG		TRUE	FALSE	
374	222				ŠIM×MUNUS (ŠIM×SAL)	U+122D1 𒋑	SHIM TIMES SAL		TRUE	FALSE	
373	225	85	163		ŠIM×NÍG (BAPPIR)	U+122CB 𒋋	SHIM TIMES GAR		TRUE	FALSE	
370	219xx				ŠIM×PI			reconstruction	FALSE	FALSE	
368	219x				ŠIM×SIG7	U+122CD 𒋍	SHIM TIMES IGI GUNU		TRUE	FALSE	
162	93	302	85		ŠINIG (GAD.NAGA)	U+122D2 𒋒	SHINIG		TRUE	FALSE	
468	295m		177		SIPA (PA.LU)	U+1227A 𒉺 & U+121FB 𒇻	PA & LU		TRUE	FALSE	
115	71	28	5		ŠIR	U+122D3 𒋓	SHIR		TRUE	TRUE	sher in w
115	71	28	5		ŠIR	U+12262 𒉢	NU11		TRUE	FALSE	
116	071n	464			ŠIR-tenû	U+122D4 𒋔	SHIR TENU		TRUE	FALSE	
582	371a	275			SIRSIR (BUoverBU +AB)	U+1204E 𒁎	BU OVER BU AB		TRUE	FALSE	
696	438	368	156		SISKUR (AMAR×ŠE)	U+1202C 𒀬	AMAR TIMES SHE		TRUE	FALSE	
434	233_40; 230x	460			ŠÍTA ("GÁ.GIŠ")	U+122D6 𒋖 & U+12111 𒄑	SHITA & GISH		TRUE	FALSE	
388	233_22	270			ŠITA ("GÁ")	U+122D6 𒋖	SHITA		TRUE	FALSE	
139	83	38	29		ŠÌTA (RAD)	U+122E5 𒋥	SUD2		TRUE	TRUE	
699	442	346			ŠITA4 (U.KID)	U+1230B 𒌋 & U+121A4 𒆤	U & KID		TRUE	FALSE	
16	7	305	213		SU	U+122E2 𒋢	SU		TRUE	FALSE	
567	354	225	68		ŠU	U+122D7 𒋗	SHU		TRUE	TRUE	
869	545	422	251		ŠÚ	U+122D9 𒋙	SHU2		TRUE	TRUE	
880	550a; 553a				ŠÚ.UR-šeššig	U+122D9 𒋙 & U+1232A 𒌪	SHU2 & UR SHESHIG	reconstruction	TRUE	FALSE	
182	113	165			SU4 (SI-gunû)	U+122DC 𒋜	SI GUNU		TRUE	TRUE	
32	018x	316	136		SU6 (KA×SA)	U+1217E 𒅾	KA TIMES SA		TRUE	FALSE	
722	460v	307			SU7 (LAGAR×ŠE)	U+121ED 𒇭	LAGAR TIMES SHE		TRUE	FALSE	
22	53	4			ŠUBUR	U+122DA 𒋚	SHUBUR	Subartu, which is a region of upper Mesopotamia in the Bronze Age, which later came to be called Assyria.	TRUE	TRUE	
584	373	266	341		SUD (BU-gunû)	U+122E4 𒋤	SUD		TRUE	FALSE	
49	26	320			ŠÙDU (KA×ŠU)	U+12183 𒆃	KA TIMES SHU		TRUE	FALSE	
876	549				ŠUDUN (ŠÚ.DUN4)	U+122D9 𒋙 & U+12088 𒂈	SHU2 & DUN4		TRUE	FALSE	
795	522	414	182		SUG (LAGAB×A)	U+121B9 𒆹	LAGAB TIMES A		TRUE	FALSE	
892	569	251			SÙḪ (GUoverGUcrossed)	U+12117 𒄗	GU CROSSING GU		TRUE	FALSE	
646	403	384	349		SUḪUR	U+122E6 𒋦	SUHUR		TRUE	FALSE	
351	201	65			SUḪUŠ (DU-gunû)	U+1207C 𒁼	DU GUNU		TRUE	TRUE	
744	467	ŠUL:438	46		ŠUL (DUN)	U+12084 𒂄	DUN		TRUE	FALSE	
292	164	388	350		SUM	U+122E7 𒋧	SUM		TRUE	FALSE	
323	182				SUMAŠ	U+122E8 𒋨	SUMASH		TRUE	FALSE	
16	007v	305	213		SUoverSU	U+122E2 𒋢	SU OVER SU		TRUE	FALSE	
634	405v2	278			SÙR (ḪI.AŠ, ḪI×AŠ)	U+1212E 𒄮	HI TIMES ASH		TRUE	FALSE	
151	101	56	42		SUR (ŠUR)	U+122E9 𒋩	SUR		TRUE	FALSE	
206	122dv				SUR10 (MÁ.SIG7 and similar)				FALSE	FALSE	
205	122d	55			SUR9 (MÁ.KASKAL.SIG7 and similar)	U+122EA 𒋪	SUR9		TRUE	FALSE	
826	571	439	48		ŠUŠANA (1/3)	U+1245A 𒑚	NUMERIC SIGN ONE THIRD DISH	"1/3"	TRUE	FALSE	
649	365				ŠÚŠUR	U+1203D 𒀽	ASH OVER ASH OVER ASH CROSSING ASH OVER ASH OVER ASH		TRUE	FALSE	
248	139	123	160		TA	U+122EB 𒋫	TA		TRUE	FALSE	
249	141a				TA-gunû	U+122EF 𒋯	TA GUNU		TRUE	FALSE	
248	139n2	123	160		TA*	U+122EC 𒋬	TA ASTERISK	Neo-Assyrian	TRUE	FALSE	
250	141				TA×ḪI	U+122ED 𒋭	TA TIMES HI		TRUE	FALSE	
251	140				TA×MI	U+122EE 𒋮	TA TIMES MI		TRUE	FALSE	
209	124	109	90		TAB	U+122F0 𒋰	TAB	"2"	TRUE	TRUE	
593	124n2				TAB variant old	U+1244A 𒑊	TWO ASH TENU	see MesZL n593, n209	TRUE	FALSE	
209	125a	109	90		TABoverTAB.NIoverNI.DIŠoverDIŠ	U+122F1 𒋱	TAB OVER TAB NI OVER NI DISH OVER DISH		TRUE	FALSE	
221	126	122	91		TAG (ŠUM)	U+122F3 𒋳	TAG		TRUE	TRUE	
221	126bv	122	91		TAG×GU4	U+122F5 𒋵	TAG TIMES GUD		TRUE	FALSE	
221	126cv	122	91		TAG×ŠU	U+122F7 𒋷	TAG TIMES SHU		TRUE	FALSE	
221	126fv	122	91		TAG×TÚG	U+122F8 𒋸	TAG TIMES TUG2		TRUE	FALSE	
221	126dv	122	91		TAG×UD	U+122F9 𒋹	TAG TIMES UD		TRUE	FALSE	
301	169	142	171		TAḪ/DAḪ (MUoverMU)	U+1222D 𒈭	MU OVER MU		TRUE	FALSE	
9	12	231	7		TAR	U+122FB 𒋻	TAR		TRUE	FALSE	
589	376	289	249		TE	U+122FC 𒋼	TE	TEMEN, TEN, MUL2, TEĜ3	TRUE	FALSE	
118	73	23	37		TI	U+122FE 𒋾	TI		TRUE	TRUE	
633	396		335		TÍ	U+12397 𒎗	SIGN TI2	only Assyrian	TRUE	FALSE	
118	073av				TI-tenû	U+122FE 𒋾	TI TENU		TRUE	FALSE	
113	69	25	13		TIL	U+12300 𒌀	TIL		TRUE	FALSE	
587	375	380	344		TIR	U+12301 𒌁	TIR		TRUE	FALSE	
588	375_46				TIRoverTIR.GADoverGAD.NÍGoverNÍG	U+12304 𒌄	TIR OVER TIR GAD OVER GAD GAR OVER GAR		TRUE	FALSE	
86	58	382	346		TU	U+12305 𒌅	TU		TRUE	FALSE	
26	16	325	146		TU6 (KA×LI)	U+12172 𒅲	KA TIMES LI		TRUE	FALSE	
809	536	417	212		TÚG (NÁM)	U+12306 𒌆	TUG2		TRUE	FALSE	
809	536	417	212		TÚG (NÁM)	U+12247 𒉇	NAM2		TRUE	FALSE	
894	561				TUGUL (NAGAR.AD4)	U+12244 𒉄 & U+1235E 𒍞	NAGAR & ZA TENU		TRUE	FALSE	
827	574	444	53		TUK (TUG)	U+12307 𒌇	TUK		TRUE	FALSE	
786	511	410	180		TÚL (LAGAB×U)	U+121E5 𒇥	LAGAB TIMES U		TRUE	FALSE	
354	207	75	125		TUM	U+12308 𒌈	TUM		TRUE	TRUE	
691	434	356	279		TÙM (NIM×KÁR)	U+12250 𒉐	NIM TIMES GAN2 TENU		TRUE	FALSE	
355	207a				TUM-gunû/TUM×KÁR				FALSE	FALSE	
255	144	393	237		TUR (DUMU)	U+12309 𒌉	TUR		TRUE	TRUE	
145	087a	48	34		TÙR (NUN.LAGAR)	U+12263 𒉣 & U+121EC 𒇬	NUN & LAGAR		TRUE	FALSE	
256	144n				TUR.DIŠ	U+12309 𒌉 & U+12079 𒁹	TUR & DISH		TRUE	FALSE	
146"	087cn				TÙR×NÍG	U+12264 𒉤	NUN LAGAR TIMES GAR		TRUE	FALSE	
146'	087aan				TÙR×UŠ	U+12265 𒉥	NUN LAGAR TIMES USH		TRUE	FALSE	
490	318	146	195		Ú	U+12311 𒌑	U2		TRUE	TRUE	
731	455	239b	265		Ù (IGI.DIB)	U+12147 𒅇	IGI & DIB		TRUE	FALSE	
563	350_8		336		U-gunû/BÙR-gunû	U+12434 𒐴	NUMERIC SIGN ONE BURU		TRUE	FALSE	
670	418		263		U.DAR (AŠDAR)	U+1230B 𒌋 & U+1206F 𒁯	U & DAR		TRUE	FALSE	
669	417				U.GUR	U+1230B 𒌋 & U+12125 𒄥	U & GUR		TRUE	FALSE	
664	414				U.ITI			reconstruction, delete?	FALSE	FALSE	
709	411+350_8				U.U-gunû	U+1230B 𒌋 & U+12434 𒐴	U & ONE BURU	"60.000"?	TRUE	FALSE	
661	411	337	261		U/BÙR	U+1230B 𒌋	U	"10"	TRUE	FALSE	
133	078a	33	25		U5	ePSD s.v. u5 HU.SI erroneous. Sign not splittable!			TRUE	FALSE	
728	449_145	236			U6 (IGI.É)	U+12146 𒅆 & U+1208D 𒂍	IGI & E2		TRUE	FALSE	
766	494	399	45		U8 (LAGAB× GU4overGU4	U+121C7 𒇇	LAGAB TIMES GUD PLUS GUD	Unicode: better ... GUD OVER GUD	TRUE	FALSE	
504	306	288	152		UB	U+12312 𒌒	UB		TRUE	FALSE	
277	152_4	157			UBARA (EZEN×KASKAL)	U+120AC 𒂬	EZEN TIMES KASKAL		TRUE	FALSE	
450	288b				ÙBUR (DAG.KISIM5×"IR")	U+12061 𒁡	DAG KISIM5 TIMES IR		TRUE	FALSE	
455	291	171	189		UBUR (DAG.KISIM5×GA)	U+1205B 𒁛	DAG KISIM5 TIMES GA		TRUE	FALSE	
459	292a	173			ÚBUR (DAG.KISIM5×LU)	U+12065 𒁥	DAG KISIM5 TIMES LU		TRUE	FALSE	
451	288c				UBUR4 (DAG.KISIM5× "IR".LU)	U+12062 𒁢	DAG KISIM5 TIMES IR PLUS LU		TRUE	FALSE	
596	381	332	316		UD (BABBAR)	U+12313 𒌓	UD		TRUE	FALSE	
542	337xn1	see 205b			UD-gunû	U+12319 𒌙	UD GUNU	uncertain reconstruction	TRUE	FALSE	
610	391	463			UD.MUNUS.ḪÚB	U+12313 𒌓 & U+122A9 𒊩 & U+12138 𒄸	UD & SAL & HUB2		TRUE	FALSE	
768	495				UDUB (LAGAB×NE)	U+121DB 𒇛	LAGAB TIMES NE		TRUE	FALSE	
833	577; 578	442			UDUG	U+1231C 𒌜	UDUG	Unicode reference glyph wrong?	TRUE	FALSE	
665	415	340	264		UDUN (U.MU)	U+1230B 𒌋 & U+1222C 𒈬	U & MU		TRUE	FALSE	
296	130	179	93		UG (PIRIG×UD)	U+1228C 𒊌	PIRIG TIMES UD		TRUE	FALSE	
663	412	358	272		UGU (U.KA)	U+1230B 𒌋 & U+12157 𒅗	U & KA		TRUE	FALSE	
662	350_8		261		Ugunû, BÙR-gunû	U+12434 𒐴	NUMERIC SIGN ONE BURU		TRUE	FALSE	
611	392	333			ÚḪ (UD.KÚŠU)	U+12314 𒌔	UD KUSHU2		TRUE	FALSE	
73	40	186	134		UKKIN (URU×MAŠ/BAR)	U+1233A 𒌺	URU TIMES BAR		TRUE	FALSE	
698	441	344	275		UL (DU7)	U+1230C 𒌌	U GUD		TRUE	FALSE	
238	134	113	98		UM	U+1231D 𒌝	UM		TRUE	TRUE	
241	137				UM× ME.DA	U+1231F 𒌟	UM TIMES ME PLUS DA		TRUE	FALSE	
240	316				UM× U.LAGAB				FALSE	FALSE	
239	135a		to 109		UM×U	U+12321 𒌡	UM TIMES U		TRUE	FALSE	
160	092b	301	166		UMBIN (GAD.KÍD.ÚR)	U+12322 𒌢	UMBIN		TRUE	FALSE	
489	317	208			ÚMBISAG (ŠID×A)	U+122C4 𒋄	SHID TIMES A		TRUE	FALSE	
501	312	169	197		UN	U+12327 𒌧		U+12327 𒌧, erroneously UN GUNU	TRUE	TRUE	No character?
232	195	129	111		UNUG (AB-gunû and/or AB×EŠ)	Jump to navigationJump to search	AB TIMES U PLUS U PLUS U		TRUE	FALSE	
232	195	129	111		UNUG (AB-gunû and/or AB×EŠ)		AB GUNU		FALSE	FALSE	
588	411_182a				UoverU.PAoverPA.NÍGoverNÍG	U+1230E 𒌎	U OVER U PA OVER PA GAR OVER GAR		TRUE	FALSE	
588	411_167a				UoverU.SURoverSUR	U+1230F 𒌏	U OVER U SUR OVER SUR		TRUE	FALSE	
828	575	400	51		UR	U+12328 𒌨	UR		TRUE	TRUE	
341	203	72	124		ÚR	U+1232B 𒌫	UR2		TRUE	TRUE	
411	255	99	58		ÙR (GÁ×NIR)	U+120E1 𒃡	GA2 TIMES NUN OVER NUN		TRUE	FALSE	
829	575b	220			UR-šeššig	U+1232A 𒌪	UR SHESHIG	reconstruction	TRUE	FALSE	
346	204c				ÚR× A.ḪA	U+1232C 𒌬	UR2 TIMES A PLUS HA		TRUE	FALSE	
345	204b				ÚR× Ú.AŠ	U+12332 𒌲	UR2 TIMES U2 PLUS ASH		TRUE	FALSE	
343	204n				ÚR×AL	U+1232E 𒌮	UR2 TIMES AL		TRUE	FALSE	
347	204d				ÚR×ḪA	U+1232F 𒌯	UR2 TIMES HA		TRUE	FALSE	
342	204v	73			ÚR×NUN	U+12330 𒌰	UR2 TIMES NUN		TRUE	FALSE	
344	204a	74			ÚR×Ú	U+12331 𒌱	UR2 TIMES U2		TRUE	FALSE	
835	594	448			UR4	U+12334 𒌴	UR4		TRUE	FALSE	
828	575a	252	51		URBINGU (URoverURcrossed)	U+12329 𒌩	UR CROSSING UR		TRUE	FALSE	
574	359n1	224	246		URI (BURoverBUR)	U+12335 𒌵	URI		TRUE	FALSE	
71	38	181	229		URU (IRI)	U+12337 𒌷	URU	ERI, IRI, RE2, RI2, U19	TRUE	TRUE	
77	43				ÚRU (URU×UD)	U+1234D 𒍍	URU TIMES UD		TRUE	FALSE	
81	46xxx				URU×A	U+12338 𒌸	URU TIMES A		TRUE	FALSE	
84	46	185			URU×GU (GUR5)	U+12340 𒍀	URU TIMES GU		TRUE	FALSE	
82	47	190			URU×ḪA	U+12341 𒍁	URU TIMES HA		TRUE	FALSE	
74	043v	187			URU×KÁR	U+1233E 𒌾	URU TIMES GAN2 TENU		TRUE	FALSE	
72	39	188			URU×TU	U+1234B 𒍋	URU TIMES TU	variant of n27	TRUE	FALSE	
78	45				URU×UL	U+1234C 𒍌	URU TIMES U PLUS GUD		TRUE	FALSE	
230	132	111	109		URUDU (URUDA)	U+1234F 𒍏	URUDA		TRUE	FALSE	
240	132n2				URUDU× U.LAGAB			old	FALSE	FALSE	
239	132n1		to 109		URUDU×U	U+12350 𒍐	URUDA TIMES U	old	TRUE	FALSE	
228	194	128			URUGAL (AB×GAL)	U+1200D 𒀍	AB TIMES GAL		TRUE	FALSE	
113	69	25	13		ÚŠ	U+12357 𒍗	USH2		TRUE	TRUE	
381	211	68	132		UŠ (NITA)	U+12351 𒍑	USH		TRUE	TRUE	
382	211n	69			UŠ×KÍD	U+12355 𒍕	USH TIMES TAK4		TRUE	FALSE	
383	211n2				UŠ×KU	U+12353 𒍓	USH TIMES KU		TRUE	FALSE	
29	17	314			UŠ11 (KA×BAD)	U+1215C 𒅜	KA TIMES BAD		TRUE	FALSE	
509	327				ÚSAN (GÚ-gunû)	U+1211D 𒄝	GU2 GUNU		TRUE	FALSE	
177	107n	90			USAN (GÚ×NUN, GÚ.NUN)	U+1211B 𒄛	GU2 TIMES NUN		TRUE	FALSE	
619	394c,394e	373			ÙSAN (NUNUZ.ÁB/KISIM5×AŠGAB)	U+1226E 𒉮	NUNUZ AB2 TIMES ASHGAB		TRUE	FALSE	
510	327x				ÚSAN.GAG	U+1211D 𒄝 & U+12195 𒆕	GU2 GUNU & KAK		TRUE	FALSE	
867	598d		374		USSU (8)	U+12444 𒑄	NUMERIC SIGN EIGHT VARIANT FORM USSU	"8"; see also n864	TRUE	FALSE	
864	598n2	479	374		USSU (8)	U+1240D 𒐍	NUMERIC SIGN EIGHT DISH	"8"; see also n867	TRUE	FALSE	
538	331c				ÙSSU (EŠ16.EŠ16.TAB)	U+12445 𒑅	NUMERIC SIGN EIGHT VARIANT FORM USSU3	"8"	TRUE	FALSE	
219	125e				ÚSSU (TAB.TAB.TAB.TAB)	U+12406 𒐆	NUMERIC SIGN EIGHT ASH	"8"	TRUE	FALSE	
700	443	351			ÚTU (U.GA/ŠU4.GA)	U+1230B 𒌋 & U+120B5 𒂵	U & GA		TRUE	FALSE	
449	287				UTUA (DAG.KISIM5×UŠ)	U+1206D 𒁭	DAG KISIM5 TIMES USH		TRUE	FALSE	
585	060a				UTUKI (KÚR.IR.GÍDIM)	U+12359 𒍙	UTUKI	see n92	TRUE	FALSE	
92	060a				UTUKI (KÚR.IR.GÍDIM)	U+12359 𒍙	UTUKI	belongs to n585	TRUE	FALSE	
452	289		188		UTUL5 (DAG.KISIM5×GU4)	U+1205F 𒁟	DAG KISIM5 TIMES GUD		TRUE	FALSE	
203	122b	54	23		ÙZ ("MÁ.KASKAL")	U+1235A 𒍚	UZ3		TRUE	TRUE	
583	372	379	340		UZ (US)	U+122BB 𒊻	SHE HU		TRUE	FALSE	
204	122c				ÙZ.KASKAL	U+1235B 𒍛	UZ3 TIMES KASKAL		TRUE	FALSE	
311	171	134	203		UZU	U+1235C 𒍜	UZU		TRUE	FALSE	
747	470				XV (U.IÁ)	U+1230B 𒌋 & U+1240A	U & NUMERIC SIGN FIVE DISH	"15"	TRUE	FALSE	
851	586	474	366		ZA	U+1235D 𒍝	ZA		TRUE	FALSE	
13	4	11			ZADIM (MUG-gunû)	U+1222F 𒈯	MUG GUNU		TRUE	FALSE	
540	332	206	238		ZAG	U+12360 𒍠	ZAG		TRUE	FALSE	
846	584; 587	471			ZÀḪ (A×ḪA)	U+12004 𒀄	A TIMES HA		TRUE	FALSE	
767	491	413	181		ZAR (LAGAB×SUM)	U+121E1 𒇡	LAGAB TIMES SUM		TRUE	FALSE	
140	84	41	33		ZI	U+12363 𒍣	ZI		TRUE	TRUE	
259	147	126	108		ZÍ( AB×PA)	U+12362 𒍢	ZE2		TRUE	FALSE	
628	395				ZIB	U+12366 𒍦	ZIB		TRUE	FALSE	
628	395v				ZIBinversum	U+12367 𒍧	ZIB KABA TENU	see Gong 39 and 220, omitted in MesZL	TRUE	FALSE	
336	190	140			ZIG/ZIK (NÍNDA×EŠ)	U+12368 𒍨	ZIG		TRUE	FALSE	
757	484				ZIKUM			Neo-Assyrian: use U+121C9 𒇉 LAGAB TIMES HAL	FALSE	FALSE	
308	166f				ZIKURA (KASKAL.ÀŠ)	U+1219C 𒆜 & U+1240B 𒐋	KASKAL & NUMERIC SIGN SIX DISH		TRUE	FALSE	
101	66				ZIoverZI	U+12364 𒍤	ZI OVER ZI		TRUE	FALSE	
104	066a	151			ZIoverZI.A	U+12364 𒍤 & U+12000 𒀀	ZI OVER ZI & A		TRUE	FALSE	
103	066b	150			ZIoverZI.ŠÈ	U+12364 𒍤 & U+120A0 𒂠	ZI OVER ZI & ESH2		TRUE	FALSE	
257	144f				ZIZNA (TURoverTUR.ZAoverZA)	U+1230A 𒌊	TUR OVER TUR ZA OVER ZA		TRUE	FALSE	
15	6	304	209		ZU	U+1236A 𒍪	ZU		TRUE	FALSE	
857	590				ZUBUD (ḪA -tenû)	U+1212A 𒄪	HA TENU		TRUE	FALSE	
648	364				ZUBUR			Unicode reference glyph form based on CAD Z 6b, not accepted in MSL 14 256f.	FALSE	FALSE	
884	555	456	300		ZUM	U+1236E 𒍮	ZUM		TRUE	TRUE	"su", "shum"
885	555B				ZÚM (ZUM×LAGAB)	U+122AA 𒊪	SAL LAGAB TIMES ASH2	reconstruction	TRUE	FALSE	
869	545a					U+1245F 𒑟	NUMERIC SIGN ONE EIGHTH ASH	presargonic unit of measure LAK 852	TRUE	FALSE	
831	578a					U+1222B 𒈫 & U+1230D 𒌍	MIN & U U U	numeral "2,30"	TRUE	FALSE	
648	364n					U+1236D 𒍭	ZUBUR	Unicode reference glyph form based on CAD Z 6b, not accepted in MSL 14 256f.	TRUE	FALSE	
647	361n					U+1203A 𒀺	ASH KABA TENU		TRUE	FALSE	
534	see n516								FALSE	FALSE	